datetime,pred_OT,true_OT
2019-08-01 00:00:00,28.924279356118856,29.000707307535713
2019-08-01 01:00:00,28.62770606555462,28.90068459866238
2019-08-01 02:00:00,28.60684251390672,28.8006615602119
2019-08-01 03:00:00,28.61170048103818,28.70063852176142
2019-08-01 04:00:00,28.63973085251357,28.70063852176142
2019-08-01 05:00:00,28.85308344189412,28.70063852176142
2019-08-01 06:00:00,29.226948505574782,29.20075305485953
2019-08-01 07:00:00,29.959325281591518,29.800890626408123
2019-08-01 08:00:00,30.75309074470063,30.601073615703385
2019-08-01 09:00:00,31.51141447026456,30.901142401477678
2019-08-01 10:00:00,31.75366026408863,30.901142401477678
2019-08-01 11:00:00,31.69404569077296,31.001165439928158
2019-08-01 12:00:00,31.5961955544458,31.101188148801494
2019-08-01 13:00:00,31.337249757058753,31.101188148801494
2019-08-01 14:00:00,31.02902294819049,31.001165439928158
2019-08-01 15:00:00,30.815672501061385,30.801119692604345
2019-08-01 16:00:00,30.733752805661382,30.601073615703385
2019-08-01 17:00:00,30.382964074586603,30.200982121055752
2019-08-01 18:00:00,29.86877231285307,29.800890626408123
2019-08-01 19:00:00,29.469158705067084,29.600844879084306
2019-08-01 20:00:00,29.38067251461096,29.500821840633826
2019-08-01 21:00:00,29.40536674142636,29.500821840633826
2019-08-01 22:00:00,29.4850845319142,29.30077609331001
2019-08-01 23:00:00,29.41799020527095,29.20075305485953
2019-08-02 00:00:00,29.1837715924139,29.000707307535713
2019-08-02 01:00:00,28.877423373277615,28.8006615602119
2019-08-02 02:00:00,28.69136520960552,28.70063852176142
2019-08-02 03:00:00,28.65398720632782,28.70063852176142
2019-08-02 04:00:00,28.70176007278912,28.600615812888083
2019-08-02 05:00:00,28.857219964653076,28.600615812888083
2019-08-02 06:00:00,29.21415563907717,29.100730345986193
2019-08-02 07:00:00,29.869292056012252,29.500821840633826
2019-08-02 08:00:00,30.502797995280787,29.800890626408123
2019-08-02 09:00:00,30.758521846488918,29.900913335281455
2019-08-02 10:00:00,30.784890654782945,30.000936373731935
2019-08-02 11:00:00,30.521213777465633,30.200982121055752
2019-08-02 12:00:00,30.747671837266743,30.40102786837957
2019-08-02 13:00:00,30.448494228095125,30.50105090683005
2019-08-02 14:00:00,30.375302394674456,30.601073615703385
2019-08-02 15:00:00,30.30214450769982,30.50105090683005
2019-08-02 16:00:00,30.424612738521663,30.301005159506232
2019-08-02 17:00:00,30.260908144774355,29.800890626408123
2019-08-02 18:00:00,29.63386521333811,29.100730345986193
2019-08-02 19:00:00,29.087801034550154,28.90068459866238
2019-08-02 20:00:00,28.870711864277272,28.70063852176142
2019-08-02 21:00:00,28.876358509519015,28.600615812888083
2019-08-02 22:00:00,28.86373735271445,28.600615812888083
2019-08-02 23:00:00,28.732404814974846,28.500592774437603
2019-08-03 00:00:00,28.67737597806807,28.400569900775693
2019-08-03 01:00:00,28.4261142718391,28.300547027113787
2019-08-03 02:00:00,28.36422495706201,28.20052415345188
2019-08-03 03:00:00,28.31315417688965,28.10050127978997
2019-08-03 04:00:00,28.24190075145295,28.10050127978997
2019-08-03 05:00:00,28.413860263975135,28.20052415345188
2019-08-03 06:00:00,28.79351632768747,28.8006615602119
2019-08-03 07:00:00,29.51498937340724,29.20075305485953
2019-08-03 08:00:00,30.046411757908746,29.600844879084306
2019-08-03 09:00:00,30.38943334438467,30.000936373731935
2019-08-03 10:00:00,30.676473616001992,30.301005159506232
2019-08-03 11:00:00,30.825132683459046,30.50105090683005
2019-08-03 12:00:00,30.934043758381794,30.50105090683005
2019-08-03 13:00:00,30.631672876242963,30.601073615703385
2019-08-03 14:00:00,30.40588550593388,30.601073615703385
2019-08-03 15:00:00,30.228573660561295,30.40102786837957
2019-08-03 16:00:00,30.157370166062204,30.200982121055752
2019-08-03 17:00:00,29.977830049605775,29.800890626408123
2019-08-03 18:00:00,29.52801656925563,29.400798802183346
2019-08-03 19:00:00,29.19620258320525,29.30077609331001
2019-08-03 20:00:00,29.195757324481058,29.20075305485953
2019-08-03 21:00:00,29.227142956090898,29.100730345986193
2019-08-03 22:00:00,29.135817128945178,29.100730345986193
2019-08-03 23:00:00,29.021630183069885,29.100730345986193
2019-08-04 00:00:00,29.010563641662817,29.100730345986193
2019-08-04 01:00:00,29.015242977981167,29.100730345986193
2019-08-04 02:00:00,28.89180611992734,29.100730345986193
2019-08-04 03:00:00,28.88350571950632,29.100730345986193
2019-08-04 04:00:00,28.92569126461215,29.100730345986193
2019-08-04 05:00:00,29.117683794374415,29.100730345986193
2019-08-04 06:00:00,29.445331925299854,29.500821840633826
2019-08-04 07:00:00,29.976449780518493,29.900913335281455
2019-08-04 08:00:00,30.57479247493018,30.50105090683005
2019-08-04 09:00:00,31.23092882892611,30.901142401477678
2019-08-04 10:00:00,31.552734875362248,31.201211187251975
2019-08-04 11:00:00,31.549174783031578,31.50127997302627
2019-08-04 12:00:00,31.821475375950097,31.601302681899604
2019-08-04 13:00:00,31.6151007586924,31.601302681899604
2019-08-04 14:00:00,31.405319302476904,31.40125693457579
2019-08-04 15:00:00,31.05816679605351,31.301234225702455
2019-08-04 16:00:00,30.97560640268176,31.001165439928158
2019-08-04 17:00:00,30.876434661999294,30.50105090683005
2019-08-04 18:00:00,30.357234316378594,29.900913335281455
2019-08-04 19:00:00,29.961803701729142,29.70086758795764
2019-08-04 20:00:00,29.858255506125467,29.600844879084306
2019-08-04 21:00:00,29.84779472751267,29.500821840633826
2019-08-04 22:00:00,29.743959140637717,29.500821840633826
2019-08-04 23:00:00,29.572422475593797,29.400798802183346
2019-08-05 00:00:00,29.572767872442764,29.20075305485953
2019-08-05 01:00:00,29.11909669159915,29.100730345986193
2019-08-05 02:00:00,28.900032365490524,29.000707307535713
2019-08-05 03:00:00,28.986307752451545,29.000707307535713
2019-08-05 04:00:00,29.08149259839932,28.90068459866238
2019-08-05 05:00:00,29.143227671072104,29.000707307535713
2019-08-05 06:00:00,29.495778321569187,29.500821840633826
2019-08-05 07:00:00,30.205765603752226,29.800890626408123
2019-08-05 08:00:00,30.69440459020513,30.200982121055752
2019-08-05 09:00:00,31.073889932955858,30.701096654153865
2019-08-05 10:00:00,31.53054115035325,31.001165439928158
2019-08-05 11:00:00,31.564943072002926,31.101188148801494
2019-08-05 12:00:00,31.636015724375067,31.201211187251975
2019-08-05 13:00:00,31.484709493281656,31.201211187251975
2019-08-05 14:00:00,31.206101782520886,31.201211187251975
2019-08-05 15:00:00,31.078276604768597,30.901142401477678
2019-08-05 16:00:00,30.991907288320977,30.50105090683005
2019-08-05 17:00:00,30.497771943804885,30.10095941218242
2019-08-05 18:00:00,30.001782398265618,29.70086758795764
2019-08-05 19:00:00,29.567726989995293,29.600844879084306
2019-08-05 20:00:00,29.561712207081513,29.500821840633826
2019-08-05 21:00:00,29.592482188582697,29.500821840633826
2019-08-05 22:00:00,29.610936201716477,29.500821840633826
2019-08-05 23:00:00,29.5183665504219,29.400798802183346
2019-08-06 00:00:00,29.354333697837216,29.20075305485953
2019-08-06 01:00:00,29.204846073435217,29.100730345986193
2019-08-06 02:00:00,29.06675291970052,29.000707307535713
2019-08-06 03:00:00,28.895098925192638,28.90068459866238
2019-08-06 04:00:00,28.771967255575973,28.90068459866238
2019-08-06 05:00:00,29.063809136632795,28.90068459866238
2019-08-06 06:00:00,29.436645260463767,29.30077609331001
2019-08-06 07:00:00,29.96079618439394,29.600844879084306
2019-08-06 08:00:00,30.484703221236103,30.000936373731935
2019-08-06 09:00:00,30.898033829836976,30.301005159506232
2019-08-06 10:00:00,31.12621162318571,30.601073615703385
2019-08-06 11:00:00,31.2939360693823,30.801119692604345
2019-08-06 12:00:00,31.320918550322105,31.001165439928158
2019-08-06 13:00:00,31.164845644966668,31.001165439928158
2019-08-06 14:00:00,30.965085311451254,30.901142401477678
2019-08-06 15:00:00,31.00481122231678,30.801119692604345
2019-08-06 16:00:00,30.812510867500187,30.40102786837957
2019-08-06 17:00:00,30.310757017678064,29.900913335281455
2019-08-06 18:00:00,29.644762681669306,29.30077609331001
2019-08-06 19:00:00,29.21216697057844,29.000707307535713
2019-08-06 20:00:00,29.06385461827894,28.90068459866238
2019-08-06 21:00:00,29.06140915585591,28.8006615602119
2019-08-06 22:00:00,29.002948761705394,28.70063852176142
2019-08-06 23:00:00,28.868073599223855,28.600615812888083
2019-08-07 00:00:00,28.689534738136853,28.600615812888083
2019-08-07 01:00:00,28.510751989961843,28.500592774437603
2019-08-07 02:00:00,28.442784943036088,28.500592774437603
2019-08-07 03:00:00,28.457586911815476,28.500592774437603
2019-08-07 04:00:00,28.481892237598643,28.500592774437603
2019-08-07 05:00:00,28.669402188598696,28.600615812888083
2019-08-07 06:00:00,29.034810961868295,29.20075305485953
2019-08-07 07:00:00,29.762331748216443,29.70086758795764
2019-08-07 08:00:00,30.452980102628796,30.200982121055752
2019-08-07 09:00:00,30.970490706222154,30.601073615703385
2019-08-07 10:00:00,30.941147134608684,30.801119692604345
2019-08-07 11:00:00,31.021832563597066,30.901142401477678
2019-08-07 12:00:00,30.98951225120128,30.901142401477678
2019-08-07 13:00:00,30.663696569207385,30.801119692604345
2019-08-07 14:00:00,30.38779336850637,30.701096654153865
2019-08-07 15:00:00,30.148939912245673,30.40102786837957
2019-08-07 16:00:00,29.760678589252304,30.10095941218242
2019-08-07 17:00:00,29.624554329387575,29.70086758795764
2019-08-07 18:00:00,29.345956505941185,29.30077609331001
2019-08-07 19:00:00,29.070826822801738,29.20075305485953
2019-08-07 20:00:00,29.134720625780563,29.20075305485953
2019-08-07 21:00:00,29.281730818776378,29.20075305485953
2019-08-07 22:00:00,29.20644419301598,29.30077609331001
2019-08-07 23:00:00,29.27683824604459,29.30077609331001
2019-08-08 00:00:00,29.419021122583516,29.30077609331001
2019-08-08 01:00:00,29.328574607263214,29.30077609331001
2019-08-08 02:00:00,29.259374282657276,29.30077609331001
2019-08-08 03:00:00,28.982816212167236,29.20075305485953
2019-08-08 04:00:00,29.037299269320297,29.20075305485953
2019-08-08 05:00:00,29.243377267146634,29.20075305485953
2019-08-08 06:00:00,29.603723076299982,29.500821840633826
2019-08-08 07:00:00,30.141253843624725,29.800890626408123
2019-08-08 08:00:00,30.516034802194007,30.000936373731935
2019-08-08 09:00:00,30.570225524418603,30.301005159506232
2019-08-08 10:00:00,30.795184337782736,30.40102786837957
2019-08-08 11:00:00,30.812231056503265,30.40102786837957
2019-08-08 12:00:00,30.778183759862642,30.301005159506232
2019-08-08 13:00:00,30.634518774898332,30.200982121055752
2019-08-08 14:00:00,30.103836291089507,30.000936373731935
2019-08-08 15:00:00,29.903819546554537,29.900913335281455
2019-08-08 16:00:00,29.979149346921055,29.800890626408123
2019-08-08 17:00:00,30.13300255019845,29.600844879084306
2019-08-08 18:00:00,29.67561769407415,29.400798802183346
2019-08-08 19:00:00,29.373145961328653,29.30077609331001
2019-08-08 20:00:00,29.3600953655029,29.20075305485953
2019-08-08 21:00:00,29.39068803449956,29.20075305485953
2019-08-08 22:00:00,29.391204481887282,29.20075305485953
2019-08-08 23:00:00,29.171380480457216,29.20075305485953
2019-08-09 00:00:00,29.09152031264232,29.100730345986193
2019-08-09 01:00:00,29.115856289100062,29.000707307535713
2019-08-09 02:00:00,28.806255143533143,29.000707307535713
2019-08-09 03:00:00,28.735416490934632,28.90068459866238
2019-08-09 04:00:00,28.553484962707113,28.90068459866238
2019-08-09 05:00:00,28.790351398354808,28.90068459866238
2019-08-09 06:00:00,29.0722291735578,29.000707307535713
2019-08-09 07:00:00,29.311395728107158,29.100730345986193
2019-08-09 08:00:00,29.54923903041548,29.30077609331001
2019-08-09 09:00:00,29.778595721215314,29.500821840633826
2019-08-09 10:00:00,29.72150669756914,29.800890626408123
2019-08-09 11:00:00,29.746701881646402,30.200982121055752
2019-08-09 12:00:00,30.240250249265536,30.40102786837957
2019-08-09 13:00:00,30.81411129412097,30.701096654153865
2019-08-09 14:00:00,30.97766955561547,31.001165439928158
2019-08-09 15:00:00,31.197935190421127,31.101188148801494
2019-08-09 16:00:00,30.958320740530407,30.901142401477678
2019-08-09 17:00:00,31.059419518785305,30.601073615703385
2019-08-09 18:00:00,30.512496461954974,30.301005159506232
2019-08-09 19:00:00,30.14451204328969,30.301005159506232
2019-08-09 20:00:00,30.20355348194854,30.200982121055752
2019-08-09 21:00:00,30.161207432772628,30.200982121055752
2019-08-09 22:00:00,30.276249631341685,30.200982121055752
2019-08-09 23:00:00,30.206842002710935,30.40102786837957
2019-08-10 00:00:00,30.611128684849497,30.601073615703385
2019-08-10 01:00:00,31.33072907322592,30.701096654153865
2019-08-10 02:00:00,32.04731679691111,30.701096654153865
2019-08-10 03:00:00,31.45907630117741,30.601073615703385
2019-08-10 04:00:00,30.6804628177767,30.50105090683005
2019-08-10 05:00:00,30.675394910003263,30.601073615703385
2019-08-10 06:00:00,30.940556532363125,30.901142401477678
2019-08-10 07:00:00,31.52280267896609,31.301234225702455
2019-08-10 08:00:00,32.08916979867667,31.70132539077294
2019-08-10 09:00:00,32.7087478077569,32.101417544574865
2019-08-10 10:00:00,32.40451580347483,32.40148567119487
2019-08-10 11:00:00,32.66908122077765,32.60153174809583
2019-08-10 12:00:00,32.7230264080285,32.70155445696916
2019-08-10 13:00:00,32.83943832921618,32.70155445696916
2019-08-10 14:00:00,32.80495664989718,32.50150903922249
2019-08-10 15:00:00,32.34808955946918,32.2014402534482
2019-08-10 16:00:00,32.24815715473384,31.9013714676739
2019-08-10 17:00:00,31.81839844371541,31.301234225702455
2019-08-10 18:00:00,31.320687516742787,30.801119692604345
2019-08-10 19:00:00,31.036785808286453,30.701096654153865
2019-08-10 20:00:00,30.961018659047244,30.601073615703385
2019-08-10 21:00:00,30.91280350005606,30.701096654153865
2019-08-10 22:00:00,30.969074842803106,30.601073615703385
2019-08-10 23:00:00,30.801814770805176,30.50105090683005
2019-08-11 00:00:00,30.55479900694762,30.40102786837957
2019-08-11 01:00:00,30.337723678914866,30.40102786837957
2019-08-11 02:00:00,30.292597316935627,30.200982121055752
2019-08-11 03:00:00,30.17361733062663,30.000936373731935
2019-08-11 04:00:00,30.053643998799707,29.900913335281455
2019-08-11 05:00:00,30.085527951054242,29.900913335281455
2019-08-11 06:00:00,30.326328219516128,30.200982121055752
2019-08-11 07:00:00,30.79185857480285,30.601073615703385
2019-08-11 08:00:00,31.36971376509018,31.001165439928158
2019-08-11 09:00:00,31.873139889350902,31.40125693457579
2019-08-11 10:00:00,32.18403858014147,31.601302681899604
2019-08-11 11:00:00,32.328280654688356,31.70132539077294
2019-08-11 12:00:00,32.233944469891426,31.801348758800568
2019-08-11 13:00:00,31.959957101139885,31.9013714676739
2019-08-11 14:00:00,31.85115577540674,31.9013714676739
2019-08-11 15:00:00,31.793309713056292,31.70132539077294
2019-08-11 16:00:00,31.879102599075626,31.201211187251975
2019-08-11 17:00:00,31.423122071170262,30.701096654153865
2019-08-11 18:00:00,30.8415937435912,30.200982121055752
2019-08-11 19:00:00,30.465645422770923,29.900913335281455
2019-08-11 20:00:00,30.24521335150656,29.70086758795764
2019-08-11 21:00:00,30.165550600402096,29.600844879084306
2019-08-11 22:00:00,29.999065693851463,29.400798802183346
2019-08-11 23:00:00,29.67447636841769,29.30077609331001
2019-08-12 00:00:00,29.530606716045735,29.100730345986193
2019-08-12 01:00:00,29.140688938316767,29.000707307535713
2019-08-12 02:00:00,29.090881262556305,28.90068459866238
2019-08-12 03:00:00,29.03508451089944,28.8006615602119
2019-08-12 04:00:00,29.027261667762918,28.8006615602119
2019-08-12 05:00:00,29.242307459730846,28.8006615602119
2019-08-12 06:00:00,29.456645649566394,29.30077609331001
2019-08-12 07:00:00,29.956547934982506,30.000936373731935
2019-08-12 08:00:00,30.726628666074298,30.801119692604345
2019-08-12 09:00:00,31.473967255786214,31.101188148801494
2019-08-12 10:00:00,31.65120659418669,31.001165439928158
2019-08-12 11:00:00,31.443027871632,30.901142401477678
2019-08-12 12:00:00,30.96751034009123,30.901142401477678
2019-08-12 13:00:00,30.77429936362035,30.801119692604345
2019-08-12 14:00:00,30.793988302320045,30.601073615703385
2019-08-12 15:00:00,30.215472639432207,30.40102786837957
2019-08-12 16:00:00,29.960505167774055,30.200982121055752
2019-08-12 17:00:00,29.840003194205014,30.000936373731935
2019-08-12 18:00:00,29.886086318638974,29.70086758795764
2019-08-12 19:00:00,29.66952117602817,29.500821840633826
2019-08-12 20:00:00,29.573867671378835,29.30077609331001
2019-08-12 21:00:00,29.424125613420156,29.20075305485953
2019-08-12 22:00:00,29.35347251275482,29.100730345986193
2019-08-12 23:00:00,29.221336465933362,29.000707307535713
2019-08-13 00:00:00,28.791834165934485,29.000707307535713
2019-08-13 01:00:00,28.73727299899783,28.90068459866238
2019-08-13 02:00:00,28.680665487561903,28.8006615602119
2019-08-13 03:00:00,28.407817467003945,28.600615812888083
2019-08-13 04:00:00,28.37422729386477,28.500592774437603
2019-08-13 05:00:00,28.608529124951176,28.400569900775693
2019-08-13 06:00:00,28.75622401446772,29.100730345986193
2019-08-13 07:00:00,29.653769695491267,30.000936373731935
2019-08-13 08:00:00,30.719804112112886,31.001165439928158
2019-08-13 09:00:00,31.56572680645602,31.50127997302627
2019-08-13 10:00:00,31.827615398179347,31.801348758800568
2019-08-13 11:00:00,32.0919745001888,32.00139417654724
2019-08-13 12:00:00,32.18553486038413,32.101417544574865
2019-08-13 13:00:00,32.116641372101085,32.00139417654724
2019-08-13 14:00:00,32.0622334585373,31.801348758800568
2019-08-13 15:00:00,31.75836992150441,31.50127997302627
2019-08-13 16:00:00,31.218380838247946,31.101188148801494
2019-08-13 17:00:00,30.602262730046007,30.701096654153865
2019-08-13 18:00:00,30.15272148041843,29.900913335281455
2019-08-13 19:00:00,29.595536379994314,29.500821840633826
2019-08-13 20:00:00,29.41680768247124,29.20075305485953
2019-08-13 21:00:00,29.383722091942534,29.000707307535713
2019-08-13 22:00:00,29.315156532919715,28.8006615602119
2019-08-13 23:00:00,29.05822544062593,28.8006615602119
2019-08-14 00:00:00,28.88377267699455,28.70063852176142
2019-08-14 01:00:00,28.677855183238297,28.600615812888083
2019-08-14 02:00:00,28.608712040267182,28.400569900775693
2019-08-14 03:00:00,28.494084614536316,28.300547027113787
2019-08-14 04:00:00,28.44157918504759,28.20052415345188
2019-08-14 05:00:00,28.5398638688417,28.20052415345188
2019-08-14 06:00:00,28.85820045666231,29.000707307535713
2019-08-14 07:00:00,29.77218874149784,29.800890626408123
2019-08-14 08:00:00,30.6772273589348,30.701096654153865
2019-08-14 09:00:00,31.43090141012352,31.301234225702455
2019-08-14 10:00:00,31.85287748641724,31.70132539077294
2019-08-14 11:00:00,32.07795099262817,32.00139417654724
2019-08-14 12:00:00,32.16975668409841,32.30146296232153
2019-08-14 13:00:00,32.18044487094191,32.30146296232153
2019-08-14 14:00:00,31.955501218126493,32.2014402534482
2019-08-14 15:00:00,31.75570759731934,31.9013714676739
2019-08-14 16:00:00,31.44603229689458,31.40125693457579
2019-08-14 17:00:00,30.710106963747286,30.901142401477678
2019-08-14 18:00:00,30.14407008033696,30.10095941218242
2019-08-14 19:00:00,29.56347313777238,29.800890626408123
2019-08-14 20:00:00,29.491723533942434,29.600844879084306
2019-08-14 21:00:00,29.508028374507404,29.400798802183346
2019-08-14 22:00:00,29.478468600286185,29.400798802183346
2019-08-14 23:00:00,29.331820612573782,29.20075305485953
2019-08-15 00:00:00,29.0495298772069,29.000707307535713
2019-08-15 01:00:00,28.78217393020923,28.8006615602119
2019-08-15 02:00:00,28.660668888596454,28.70063852176142
2019-08-15 03:00:00,28.47871280687156,28.600615812888083
2019-08-15 04:00:00,28.557223356273745,28.400569900775693
2019-08-15 05:00:00,28.678555205096316,28.300547027113787
2019-08-15 06:00:00,28.924373944759747,29.100730345986193
2019-08-15 07:00:00,29.823240570984304,30.000936373731935
2019-08-15 08:00:00,30.760379343283553,30.901142401477678
2019-08-15 09:00:00,31.64166994989117,31.50127997302627
2019-08-15 10:00:00,31.97531737360453,31.9013714676739
2019-08-15 11:00:00,32.13588208588227,32.101417544574865
2019-08-15 12:00:00,32.1083986476806,32.2014402534482
2019-08-15 13:00:00,31.93015475813924,32.101417544574865
2019-08-15 14:00:00,31.916168822373248,31.801348758800568
2019-08-15 15:00:00,31.34520047612791,31.50127997302627
2019-08-15 16:00:00,30.907186516757452,31.101188148801494
2019-08-15 17:00:00,30.615289266740106,30.601073615703385
2019-08-15 18:00:00,30.166467154445012,30.10095941218242
2019-08-15 19:00:00,29.872171571536512,29.900913335281455
2019-08-15 20:00:00,29.87268571188421,29.70086758795764
2019-08-15 21:00:00,29.844204973238867,29.500821840633826
2019-08-15 22:00:00,29.65565256972614,29.30077609331001
2019-08-15 23:00:00,29.483159801381788,29.100730345986193
2019-08-16 00:00:00,29.183162533848165,29.000707307535713
2019-08-16 01:00:00,28.652125425030288,28.8006615602119
2019-08-16 02:00:00,28.49985616951638,28.70063852176142
2019-08-16 03:00:00,28.62062987944227,28.600615812888083
2019-08-16 04:00:00,28.606119421648483,28.500592774437603
2019-08-16 05:00:00,28.71950121055619,28.500592774437603
2019-08-16 06:00:00,29.061239753202887,28.90068459866238
2019-08-16 07:00:00,29.66323679900899,29.30077609331001
2019-08-16 08:00:00,30.16842484269202,30.000936373731935
2019-08-16 09:00:00,30.767886451514247,30.701096654153865
2019-08-16 10:00:00,31.126142411985057,31.101188148801494
2019-08-16 11:00:00,31.55291152871248,31.301234225702455
2019-08-16 12:00:00,31.60797595995102,31.40125693457579
2019-08-16 13:00:00,31.353751355179863,31.40125693457579
2019-08-16 14:00:00,30.99714459874744,31.201211187251975
2019-08-16 15:00:00,30.779775287900488,30.901142401477678
2019-08-16 16:00:00,30.668258246484626,30.701096654153865
2019-08-16 17:00:00,30.380961893424892,30.301005159506232
2019-08-16 18:00:00,29.941204800529448,29.800890626408123
2019-08-16 19:00:00,29.516946732077102,29.600844879084306
2019-08-16 20:00:00,29.498315406438795,29.400798802183346
2019-08-16 21:00:00,29.463923372103498,29.20075305485953
2019-08-16 22:00:00,29.279982082439908,29.000707307535713
2019-08-16 23:00:00,29.134759186306642,28.8006615602119
2019-08-17 00:00:00,28.837713282115097,28.70063852176142
2019-08-17 01:00:00,28.666147614282334,28.600615812888083
2019-08-17 02:00:00,28.640880252810106,28.500592774437603
2019-08-17 03:00:00,28.59492187332589,28.500592774437603
2019-08-17 04:00:00,28.550818354019142,28.500592774437603
2019-08-17 05:00:00,28.70769443887929,28.600615812888083
2019-08-17 06:00:00,29.16108119464594,29.20075305485953
2019-08-17 07:00:00,29.91493486537921,29.70086758795764
2019-08-17 08:00:00,30.48939837725746,30.40102786837957
2019-08-17 09:00:00,31.14155047313587,31.001165439928158
2019-08-17 10:00:00,31.50512218339388,31.40125693457579
2019-08-17 11:00:00,31.926765386770178,31.601302681899604
2019-08-17 12:00:00,31.945877565464443,31.70132539077294
2019-08-17 13:00:00,31.731058522572937,31.70132539077294
2019-08-17 14:00:00,31.57774055258058,31.50127997302627
2019-08-17 15:00:00,31.381539322664395,31.201211187251975
2019-08-17 16:00:00,31.136229120537187,30.801119692604345
2019-08-17 17:00:00,30.58162757536026,30.200982121055752
2019-08-17 18:00:00,29.938880292918988,29.600844879084306
2019-08-17 19:00:00,29.54908808408263,29.30077609331001
2019-08-17 20:00:00,29.466848039696753,29.100730345986193
2019-08-17 21:00:00,29.37839381822379,29.000707307535713
2019-08-17 22:00:00,29.20236930118332,28.8006615602119
2019-08-17 23:00:00,28.929193680942277,28.500592774437603
2019-08-18 00:00:00,28.562558056746838,28.300547027113787
2019-08-18 01:00:00,28.172076372521133,28.10050127978997
2019-08-18 02:00:00,28.112542710394795,27.900455367677583
2019-08-18 03:00:00,28.120887274153375,27.800432494015677
2019-08-18 04:00:00,28.08608326838563,27.700409620353767
2019-08-18 05:00:00,28.20161225239927,27.800432494015677
2019-08-18 06:00:00,28.514735259347923,28.500592774437603
2019-08-18 07:00:00,29.25863635942747,29.20075305485953
2019-08-18 08:00:00,30.056989865985503,30.200982121055752
2019-08-18 09:00:00,31.01304372984573,30.701096654153865
2019-08-18 10:00:00,31.386868585114584,30.701096654153865
2019-08-18 11:00:00,31.006315082833797,30.601073615703385
2019-08-18 12:00:00,30.588991976686753,30.301005159506232
2019-08-18 13:00:00,30.06810287777015,30.10095941218242
2019-08-18 14:00:00,29.8243706910178,29.900913335281455
2019-08-18 15:00:00,29.72061156604071,29.600844879084306
2019-08-18 16:00:00,29.350403490371633,29.20075305485953
2019-08-18 17:00:00,28.907500583617992,28.90068459866238
2019-08-18 18:00:00,28.741211116314915,28.500592774437603
2019-08-18 19:00:00,28.466047486729437,28.300547027113787
2019-08-18 20:00:00,28.39690978178123,28.10050127978997
2019-08-18 21:00:00,28.103823417421257,28.00047824133949
2019-08-18 22:00:00,27.813621677031307,27.900455367677583
2019-08-18 23:00:00,27.438842366347753,27.800432494015677
2019-08-19 00:00:00,27.89511226298727,27.700409620353767
2019-08-19 01:00:00,27.596390623797085,27.60038674669186
2019-08-19 02:00:00,27.529245707061932,27.60038674669186
2019-08-19 03:00:00,27.480247307983372,27.60038674669186
2019-08-19 04:00:00,27.61489127209702,27.60038674669186
2019-08-19 05:00:00,27.87652674857225,27.60038674669186
2019-08-19 06:00:00,28.001682516230833,27.900455367677583
2019-08-19 07:00:00,28.469770719747352,28.20052415345188
2019-08-19 08:00:00,28.74853695711533,28.600615812888083
2019-08-19 09:00:00,28.988979963950992,28.90068459866238
2019-08-19 10:00:00,29.359130363619528,29.000707307535713
2019-08-19 11:00:00,29.496528768730542,29.000707307535713
2019-08-19 12:00:00,29.50160557508692,28.90068459866238
2019-08-19 13:00:00,29.12537348834397,28.8006615602119
2019-08-19 14:00:00,28.998630641939016,28.600615812888083
2019-08-19 15:00:00,28.63422444234743,28.500592774437603
2019-08-19 16:00:00,28.51301536101173,28.300547027113787
2019-08-19 17:00:00,28.416327643278372,28.10050127978997
2019-08-19 18:00:00,28.27105926549896,27.900455367677583
2019-08-19 19:00:00,28.047625899954905,27.900455367677583
2019-08-19 20:00:00,27.995722937488996,27.900455367677583
2019-08-19 21:00:00,27.919118827087622,27.900455367677583
2019-08-19 22:00:00,27.92296696984386,27.800432494015677
2019-08-19 23:00:00,27.83329166504511,27.700409620353767
2019-08-20 00:00:00,27.58224022903526,27.60038674669186
2019-08-20 01:00:00,27.46446748381192,27.400340834579474
2019-08-20 02:00:00,27.39216484953105,27.300317960917564
2019-08-20 03:00:00,27.29000598638617,27.200295087255657
2019-08-20 04:00:00,27.173736854496987,27.200295087255657
2019-08-20 05:00:00,27.272254466939007,27.200295087255657
2019-08-20 06:00:00,27.516375884300736,27.800432494015677
2019-08-20 07:00:00,28.306467715752397,28.300547027113787
2019-08-20 08:00:00,28.93198289232854,28.8006615602119
2019-08-20 09:00:00,29.412262154474153,29.20075305485953
2019-08-20 10:00:00,29.674235117946843,29.400798802183346
2019-08-20 11:00:00,29.40359921919257,29.600844879084306
2019-08-20 12:00:00,29.50429723163798,29.500821840633826
2019-08-20 13:00:00,29.541585919509124,29.30077609331001
2019-08-20 14:00:00,29.418310224679676,29.20075305485953
2019-08-20 15:00:00,29.234241059083455,29.000707307535713
2019-08-20 16:00:00,28.888773680607358,28.70063852176142
2019-08-20 17:00:00,28.61027341199617,28.500592774437603
2019-08-20 18:00:00,28.32619406145816,28.20052415345188
2019-08-20 19:00:00,27.98779215783717,28.00047824133949
2019-08-20 20:00:00,27.88924990950349,28.00047824133949
2019-08-20 21:00:00,27.999704394200776,27.900455367677583
2019-08-20 22:00:00,27.997594441312334,27.900455367677583
2019-08-20 23:00:00,27.669763230282317,27.700409620353767
2019-08-21 00:00:00,27.6048118142421,27.60038674669186
2019-08-21 01:00:00,27.768383258822443,27.500363873029954
2019-08-21 02:00:00,27.343805006172794,27.300317960917564
2019-08-21 03:00:00,26.9686392662856,27.300317960917564
2019-08-21 04:00:00,27.29196532251891,27.200295087255657
2019-08-21 05:00:00,27.429624917518094,27.300317960917564
2019-08-21 06:00:00,27.625378581670063,27.900455367677583
2019-08-21 07:00:00,28.461052580293828,28.300547027113787
2019-08-21 08:00:00,29.062137521348482,28.400569900775693
2019-08-21 09:00:00,29.06143123752469,28.600615812888083
2019-08-21 10:00:00,29.37099942537701,28.70063852176142
2019-08-21 11:00:00,29.352149260513787,28.8006615602119
2019-08-21 12:00:00,29.277440053913114,28.8006615602119
2019-08-21 13:00:00,29.102153789679598,28.90068459866238
2019-08-21 14:00:00,29.234528120777586,28.8006615602119
2019-08-21 15:00:00,28.89174679604107,28.8006615602119
2019-08-21 16:00:00,28.8442652757768,28.70063852176142
2019-08-21 17:00:00,28.622253541251844,28.500592774437603
2019-08-21 18:00:00,28.230664807392856,28.20052415345188
2019-08-21 19:00:00,27.85907975840795,28.300547027113787
2019-08-21 20:00:00,27.95370943165336,28.300547027113787
2019-08-21 21:00:00,28.008407373105587,28.300547027113787
2019-08-21 22:00:00,28.023829276496528,28.20052415345188
2019-08-21 23:00:00,27.940431262808318,28.20052415345188
2019-08-22 00:00:00,28.05305172850886,28.20052415345188
2019-08-22 01:00:00,28.000182445850992,28.20052415345188
2019-08-22 02:00:00,28.19108044991152,28.10050127978997
2019-08-22 03:00:00,27.85687785349579,28.10050127978997
2019-08-22 04:00:00,27.90568361473253,28.10050127978997
2019-08-22 05:00:00,28.147170721966596,28.10050127978997
2019-08-22 06:00:00,28.4483549615914,28.70063852176142
2019-08-22 07:00:00,29.25639095033204,29.600844879084306
2019-08-22 08:00:00,30.227467599659448,30.10095941218242
2019-08-22 09:00:00,30.547680140594867,30.50105090683005
2019-08-22 10:00:00,30.687107752193562,30.901142401477678
2019-08-22 11:00:00,31.010742622212632,31.001165439928158
2019-08-22 12:00:00,31.21662781740858,31.101188148801494
2019-08-22 13:00:00,31.155177828967055,31.001165439928158
2019-08-22 14:00:00,31.122334807217776,30.701096654153865
2019-08-22 15:00:00,30.694249688946527,30.301005159506232
2019-08-22 16:00:00,30.249867639961817,29.800890626408123
2019-08-22 17:00:00,29.633139154885562,29.400798802183346
2019-08-22 18:00:00,29.129403228107634,28.90068459866238
2019-08-22 19:00:00,28.703030263109653,28.8006615602119
2019-08-22 20:00:00,28.69836674649431,28.8006615602119
2019-08-22 21:00:00,28.853255481164314,28.70063852176142
2019-08-22 22:00:00,28.82632507341357,28.70063852176142
2019-08-22 23:00:00,28.74612675944692,28.600615812888083
2019-08-23 00:00:00,28.64456509009052,28.400569900775693
2019-08-23 01:00:00,28.349401565768133,28.10050127978997
2019-08-23 02:00:00,28.13967069964454,28.00047824133949
2019-08-23 03:00:00,28.07055936086801,28.00047824133949
2019-08-23 04:00:00,27.96822120775573,28.00047824133949
2019-08-23 05:00:00,28.25597188291117,28.00047824133949
2019-08-23 06:00:00,28.626046479836134,28.90068459866238
2019-08-23 07:00:00,29.522552509752746,29.500821840633826
2019-08-23 08:00:00,30.30882207025413,30.000936373731935
2019-08-23 09:00:00,30.858087431860806,30.50105090683005
2019-08-23 10:00:00,31.1211862308641,30.801119692604345
2019-08-23 11:00:00,31.1366157145294,30.901142401477678
2019-08-23 12:00:00,31.015954225621712,31.001165439928158
2019-08-23 13:00:00,30.80358888458188,30.901142401477678
2019-08-23 14:00:00,30.512571275967105,30.701096654153865
2019-08-23 15:00:00,30.47082110227109,30.40102786837957
2019-08-23 16:00:00,30.260001807622963,30.000936373731935
2019-08-23 17:00:00,29.818418198184606,29.600844879084306
2019-08-23 18:00:00,29.372273241046152,29.20075305485953
2019-08-23 19:00:00,28.99581110945532,29.000707307535713
2019-08-23 20:00:00,28.96763522966999,29.000707307535713
2019-08-23 21:00:00,29.008200243949133,29.000707307535713
2019-08-23 22:00:00,29.040585483042673,28.90068459866238
2019-08-23 23:00:00,28.868743629561592,28.8006615602119
2019-08-24 00:00:00,28.656245963297664,28.70063852176142
2019-08-24 01:00:00,28.629187185248565,28.600615812888083
2019-08-24 02:00:00,28.633895194778617,28.500592774437603
2019-08-24 03:00:00,28.328130986344974,28.600615812888083
2019-08-24 04:00:00,28.576021942313627,28.600615812888083
2019-08-24 05:00:00,28.717571206789444,28.70063852176142
2019-08-24 06:00:00,29.100312771742264,28.90068459866238
2019-08-24 07:00:00,29.541534175897212,29.100730345986193
2019-08-24 08:00:00,29.976324541203027,29.400798802183346
2019-08-24 09:00:00,30.186865672739962,29.800890626408123
2019-08-24 10:00:00,30.392465124550363,30.000936373731935
2019-08-24 11:00:00,29.98226187348751,30.10095941218242
2019-08-24 12:00:00,30.014159997559318,30.200982121055752
2019-08-24 13:00:00,30.379040458663944,30.10095941218242
2019-08-24 14:00:00,30.101032907885966,30.000936373731935
2019-08-24 15:00:00,29.71159730152154,29.800890626408123
2019-08-24 16:00:00,29.97375911269887,29.600844879084306
2019-08-24 17:00:00,29.791051759869756,29.400798802183346
2019-08-24 18:00:00,29.421295864044936,29.20075305485953
2019-08-24 19:00:00,29.201613910364777,29.100730345986193
2019-08-24 20:00:00,29.164317642219277,29.100730345986193
2019-08-24 21:00:00,29.197468489022885,29.000707307535713
2019-08-24 22:00:00,29.125284172937416,29.000707307535713
2019-08-24 23:00:00,28.93812291455779,29.000707307535713
2019-08-25 00:00:00,29.049456051926207,29.000707307535713
2019-08-25 01:00:00,29.093491513552312,28.90068459866238
2019-08-25 02:00:00,28.855020366780934,28.90068459866238
2019-08-25 03:00:00,28.861272115662665,28.90068459866238
2019-08-25 04:00:00,28.957292110098305,28.70063852176142
2019-08-25 05:00:00,28.972111216889285,28.500592774437603
2019-08-25 06:00:00,28.94059672061537,28.90068459866238
2019-08-25 07:00:00,29.443460256687942,29.400798802183346
2019-08-25 08:00:00,30.05410244060974,30.10095941218242
2019-08-25 09:00:00,30.72971251942905,30.701096654153865
2019-08-25 10:00:00,31.23872761293098,31.001165439928158
2019-08-25 11:00:00,31.323190984743505,31.001165439928158
2019-08-25 12:00:00,30.990749483807214,30.801119692604345
2019-08-25 13:00:00,30.799860707906774,30.801119692604345
2019-08-25 14:00:00,30.622274654348747,30.701096654153865
2019-08-25 15:00:00,30.62958269798328,30.50105090683005
2019-08-25 16:00:00,30.399056008315284,30.10095941218242
2019-08-25 17:00:00,29.93798252477339,29.70086758795764
2019-08-25 18:00:00,29.6496832684585,29.30077609331001
2019-08-25 19:00:00,29.389554948271748,29.100730345986193
2019-08-25 20:00:00,29.317710426223766,29.000707307535713
2019-08-25 21:00:00,29.25751250135974,28.90068459866238
2019-08-25 22:00:00,29.13631446085843,28.90068459866238
2019-08-25 23:00:00,28.957818444800402,28.8006615602119
2019-08-26 00:00:00,28.90779061150644,28.70063852176142
2019-08-26 01:00:00,28.757591100469163,28.600615812888083
2019-08-26 02:00:00,28.444841504426883,28.500592774437603
2019-08-26 03:00:00,28.441593356864868,28.400569900775693
2019-08-26 04:00:00,28.498567028509953,28.300547027113787
2019-08-26 05:00:00,28.650029149593404,28.20052415345188
2019-08-26 06:00:00,28.773231513507877,28.70063852176142
2019-08-26 07:00:00,29.327694306706356,29.30077609331001
2019-08-26 08:00:00,30.108852125673884,29.900913335281455
2019-08-26 09:00:00,30.79510820546202,30.200982121055752
2019-08-26 10:00:00,31.11338250320204,30.301005159506232
2019-08-26 11:00:00,31.105662158557912,30.40102786837957
2019-08-26 12:00:00,31.067347497031392,30.601073615703385
2019-08-26 13:00:00,30.84227003589471,30.801119692604345
2019-08-26 14:00:00,30.942728445755005,30.701096654153865
2019-08-26 15:00:00,30.849554349974735,30.50105090683005
2019-08-26 16:00:00,30.461291379095634,30.10095941218242
2019-08-26 17:00:00,29.90889371629375,29.70086758795764
2019-08-26 18:00:00,29.523096971197873,29.30077609331001
2019-08-26 19:00:00,29.214361624793394,29.100730345986193
2019-08-26 20:00:00,29.133990282825117,29.000707307535713
2019-08-26 21:00:00,29.061193282825307,28.90068459866238
2019-08-26 22:00:00,28.973912685569104,28.8006615602119
2019-08-26 23:00:00,28.873528100989507,28.600615812888083
2019-08-27 00:00:00,28.689218344076732,28.400569900775693
2019-08-27 01:00:00,28.264343307207145,28.300547027113787
2019-08-27 02:00:00,28.050601157640067,28.10050127978997
2019-08-27 03:00:00,28.092814387226156,28.00047824133949
2019-08-27 04:00:00,28.09077825961841,27.900455367677583
2019-08-27 05:00:00,28.18741126754554,27.700409620353767
2019-08-27 06:00:00,28.31531603817858,28.400569900775693
2019-08-27 07:00:00,29.13062760720488,29.000707307535713
2019-08-27 08:00:00,29.931324077693546,29.800890626408123
2019-08-27 09:00:00,30.627466483129066,30.40102786837957
2019-08-27 10:00:00,31.020604888728364,30.801119692604345
2019-08-27 11:00:00,31.287923263931393,31.001165439928158
2019-08-27 12:00:00,31.51678525943514,31.101188148801494
2019-08-27 13:00:00,31.44856674514702,30.901142401477678
2019-08-27 14:00:00,30.815424659047626,30.601073615703385
2019-08-27 15:00:00,30.440409371127565,30.200982121055752
2019-08-27 16:00:00,30.021450903182263,29.800890626408123
2019-08-27 17:00:00,29.497218573697037,29.20075305485953
2019-08-27 18:00:00,28.977408180779165,28.600615812888083
2019-08-27 19:00:00,28.51643801967253,28.400569900775693
2019-08-27 20:00:00,28.420796050223306,28.300547027113787
2019-08-27 21:00:00,28.420999399322362,28.20052415345188
2019-08-27 22:00:00,28.378010509923254,28.10050127978997
2019-08-27 23:00:00,28.231223935020978,28.10050127978997
2019-08-28 00:00:00,28.1126073075154,28.00047824133949
2019-08-28 01:00:00,27.912834614857015,28.00047824133949
2019-08-28 02:00:00,27.93290668698889,27.900455367677583
2019-08-28 03:00:00,27.86508036950446,27.800432494015677
2019-08-28 04:00:00,27.831759460893537,27.800432494015677
2019-08-28 05:00:00,27.990840746437307,27.800432494015677
2019-08-28 06:00:00,28.344487900099004,28.500592774437603
2019-08-28 07:00:00,29.13818052665886,29.20075305485953
2019-08-28 08:00:00,30.026019172002425,29.900913335281455
2019-08-28 09:00:00,30.694862043283724,30.50105090683005
2019-08-28 10:00:00,31.113604308621273,30.901142401477678
2019-08-28 11:00:00,31.339328400118326,31.201211187251975
2019-08-28 12:00:00,31.43597261366842,31.301234225702455
2019-08-28 13:00:00,31.28877851662516,31.301234225702455
2019-08-28 14:00:00,31.027411975101035,31.201211187251975
2019-08-28 15:00:00,30.84263092286954,31.001165439928158
2019-08-28 16:00:00,30.594172270266967,30.601073615703385
2019-08-28 17:00:00,29.99319691361334,29.900913335281455
2019-08-28 18:00:00,29.34559463023492,29.30077609331001
2019-08-28 19:00:00,28.880393192939867,29.000707307535713
2019-08-28 20:00:00,28.754210627683044,28.90068459866238
2019-08-28 21:00:00,28.780271610922746,28.8006615602119
2019-08-28 22:00:00,28.7818581953034,28.70063852176142
2019-08-28 23:00:00,28.679148114381903,28.600615812888083
2019-08-29 00:00:00,28.525851072538316,28.500592774437603
2019-08-29 01:00:00,28.36438595549781,28.400569900775693
2019-08-29 02:00:00,28.311369516644273,28.300547027113787
2019-08-29 03:00:00,28.236073827512364,28.300547027113787
2019-08-29 04:00:00,28.261196834194656,28.20052415345188
2019-08-29 05:00:00,28.38899712887243,28.300547027113787
2019-08-29 06:00:00,28.805822079163352,29.000707307535713
2019-08-29 07:00:00,29.604945148357203,29.900913335281455
2019-08-29 08:00:00,30.626974094873,30.50105090683005
2019-08-29 09:00:00,31.217931954175146,30.801119692604345
2019-08-29 10:00:00,31.401538063881294,31.201211187251975
2019-08-29 11:00:00,31.41644088326735,31.40125693457579
2019-08-29 12:00:00,31.683039791560745,31.601302681899604
2019-08-29 13:00:00,31.528371873578536,31.601302681899604
2019-08-29 14:00:00,31.3003532659913,31.301234225702455
2019-08-29 15:00:00,30.957321462623856,30.901142401477678
2019-08-29 16:00:00,30.657064158722072,30.50105090683005
2019-08-29 17:00:00,30.23630488125124,30.000936373731935
2019-08-29 18:00:00,29.789739054097392,29.500821840633826
2019-08-29 19:00:00,29.24165324909611,29.400798802183346
2019-08-29 20:00:00,29.212800747430123,29.30077609331001
2019-08-29 21:00:00,29.30528339035817,29.20075305485953
2019-08-29 22:00:00,29.30505730043604,29.100730345986193
2019-08-29 23:00:00,29.030630934926073,29.000707307535713
2019-08-30 00:00:00,28.968361288122544,28.8006615602119
2019-08-30 01:00:00,28.731064095145076,28.600615812888083
2019-08-30 02:00:00,28.598906296231984,28.500592774437603
2019-08-30 03:00:00,28.548539328054826,28.600615812888083
2019-08-30 04:00:00,28.513328129723245,28.500592774437603
2019-08-30 05:00:00,28.567647551823338,28.500592774437603
2019-08-30 06:00:00,28.937378399785064,28.8006615602119
2019-08-30 07:00:00,29.344862309816595,29.20075305485953
2019-08-30 08:00:00,29.654135526123284,29.500821840633826
2019-08-30 09:00:00,30.049437276108666,29.600844879084306
2019-08-30 10:00:00,29.912726039346982,29.500821840633826
2019-08-30 11:00:00,29.581895181923002,29.500821840633826
2019-08-30 12:00:00,30.434230129217944,29.400798802183346
2019-08-30 13:00:00,29.701908392584585,29.30077609331001
2019-08-30 14:00:00,29.235835223738466,29.30077609331001
2019-08-30 15:00:00,29.54213631334288,29.20075305485953
2019-08-30 16:00:00,29.61344988660872,29.100730345986193
2019-08-30 17:00:00,29.526833057724485,28.90068459866238
2019-08-30 18:00:00,29.181100699223038,28.70063852176142
2019-08-30 19:00:00,28.918416178692212,28.500592774437603
2019-08-30 20:00:00,28.792968570470883,28.400569900775693
2019-08-30 21:00:00,28.768802985397603,28.300547027113787
2019-08-30 22:00:00,28.509110366197813,28.10050127978997
2019-08-30 23:00:00,28.061568661114777,28.00047824133949
2019-08-31 00:00:00,28.144761677818195,27.900455367677583
2019-08-31 01:00:00,28.000622101763703,27.900455367677583
2019-08-31 02:00:00,27.784239544891758,27.800432494015677
2019-08-31 03:00:00,27.757542477760357,27.700409620353767
2019-08-31 04:00:00,27.71774801484847,27.700409620353767
2019-08-31 05:00:00,27.672824507602574,27.800432494015677
2019-08-31 06:00:00,27.77932637358835,28.300547027113787
2019-08-31 07:00:00,28.676471618379555,28.70063852176142
2019-08-31 08:00:00,29.317289556208372,29.000707307535713
2019-08-31 09:00:00,29.53899906849048,29.30077609331001
2019-08-31 10:00:00,29.543115157466385,29.70086758795764
2019-08-31 11:00:00,29.589754937699873,29.900913335281455
2019-08-31 12:00:00,29.916224171174207,30.000936373731935
2019-08-31 13:00:00,30.258345682464512,30.000936373731935
2019-08-31 14:00:00,29.967921971866758,30.000936373731935
2019-08-31 15:00:00,29.734385254124703,29.800890626408123
2019-08-31 16:00:00,29.491937759087307,29.600844879084306
2019-08-31 17:00:00,29.293538908761857,29.20075305485953
2019-08-31 18:00:00,28.992913137610888,28.8006615602119
2019-08-31 19:00:00,28.671211567130023,28.600615812888083
2019-08-31 20:00:00,28.53899625700496,28.500592774437603
2019-08-31 21:00:00,28.556690924394445,28.400569900775693
2019-08-31 22:00:00,28.511745665056914,28.300547027113787
2019-08-31 23:00:00,28.346763135926142,28.300547027113787
