datetime,pred_KW,pred_TEMPERATURE,pred_OT,true_KW,true_TEMPERATURE,true_OT
2019-08-01 00:00:00,609.54816,28.87067,-26.86749,598.27,29.0,1.006074e-06
2019-08-01 01:00:00,582.2618,28.63486,-30.208525,558.85,28.9,1.006074e-06
2019-08-01 02:00:00,535.715,28.538055,-23.145872,522.67,28.8,1.006074e-06
2019-08-01 03:00:00,490.7922,28.508545,-3.2668447,493.74,28.7,1.006074e-06
2019-08-01 04:00:00,462.99036,28.555674,-8.324798,464.62,28.7,1.006074e-06
2019-08-01 05:00:00,433.02673,28.678392,-1.7249441,430.15,28.7,1.006074e-06
2019-08-01 06:00:00,416.54663,29.054295,69.522224,406.57,29.2,74.0
2019-08-01 07:00:00,427.44095,29.753595,196.40695,424.41,29.8,273.0
2019-08-01 08:00:00,470.79095,30.474375,405.31924,532.13,30.6,487.0
2019-08-01 09:00:00,575.8506,31.319656,632.0755,681.93,30.9,680.0
2019-08-01 10:00:00,695.0883,31.583141,752.7826,715.13,30.9,832.0
2019-08-01 11:00:00,739.528,31.367792,805.5509,722.52997,31.0,940.0
2019-08-01 12:00:00,746.7849,31.143702,819.6505,705.2,31.1,970.00006
2019-08-01 13:00:00,732.3521,30.957302,792.4694,722.8,31.1,935.0
2019-08-01 14:00:00,730.55145,30.857857,705.8274,746.88,31.0,838.00006
2019-08-01 15:00:00,732.3303,30.740427,579.8694,772.88,30.8,681.0
2019-08-01 16:00:00,737.288,30.447685,405.97418,738.84,30.6,484.0
2019-08-01 17:00:00,699.74164,30.16089,205.98303,668.86,30.2,268.0
2019-08-01 18:00:00,632.9066,29.618671,60.990265,633.18,29.8,71.0
2019-08-01 19:00:00,592.2816,29.279823,-18.428022,574.52,29.6,1.006074e-06
2019-08-01 20:00:00,569.9639,29.213295,-47.253326,581.84,29.5,1.006074e-06
2019-08-01 21:00:00,590.87854,29.245707,-25.879377,550.53,29.5,1.006074e-06
2019-08-01 22:00:00,597.6394,29.228148,-11.137679,561.69,29.3,1.006074e-06
2019-08-01 23:00:00,605.51337,29.083878,8.591462,565.19,29.2,1.006074e-06
2019-08-02 00:00:00,576.8657,29.056425,-11.877746,584.62,29.0,1.006074e-06
2019-08-02 01:00:00,564.6261,28.831408,-5.3972464,560.6,28.8,1.006074e-06
2019-08-02 02:00:00,522.4104,28.625017,-0.5389547,511.13,28.7,1.006074e-06
2019-08-02 03:00:00,479.70352,28.55512,5.2365427,478.69,28.7,1.006074e-06
2019-08-02 04:00:00,444.48907,28.649958,22.047731,466.18,28.6,1.006074e-06
2019-08-02 05:00:00,429.48526,28.783186,29.96654,434.36,28.6,1.006074e-06
2019-08-02 06:00:00,413.0597,29.216702,82.67803,430.66,29.1,72.0
2019-08-02 07:00:00,443.24716,29.88626,241.03964,446.17,29.5,269.0
2019-08-02 08:00:00,500.971,30.359598,452.7128,500.93,29.8,484.0
2019-08-02 09:00:00,560.4488,30.551115,621.22015,592.43,29.9,680.0
2019-08-02 10:00:00,632.00775,30.576107,748.5371,639.37,30.0,623.0
2019-08-02 11:00:00,664.3365,30.46651,714.0645,625.08,30.2,943.00006
2019-08-02 12:00:00,669.4907,30.546919,831.9357,626.25,30.4,780.00006
2019-08-02 13:00:00,663.27057,30.481222,758.2661,652.2,30.5,939.0
2019-08-02 14:00:00,672.9985,30.5134,759.158,663.57,30.6,854.0
2019-08-02 15:00:00,669.0789,30.499754,656.4187,687.85,30.5,696.00006
2019-08-02 16:00:00,665.629,30.389277,479.20682,667.57,30.3,496.0
2019-08-02 17:00:00,645.9215,30.12971,267.53806,634.61,29.8,276.0
2019-08-02 18:00:00,598.0419,29.515348,105.58222,592.11,29.1,74.0
2019-08-02 19:00:00,567.9474,28.984764,9.008744,569.23,28.9,1.006074e-06
2019-08-02 20:00:00,559.864,28.802176,-14.14395,535.54,28.7,1.006074e-06
2019-08-02 21:00:00,557.2558,28.77723,-9.577819,512.02,28.6,1.006074e-06
2019-08-02 22:00:00,555.8002,28.618837,4.25673,538.72,28.6,1.006074e-06
2019-08-02 23:00:00,575.95123,28.60515,30.138765,577.11,28.5,1.006074e-06
2019-08-03 00:00:00,579.4767,28.482105,2.594163,590.67,28.4,1.006074e-06
2019-08-03 01:00:00,566.2539,28.391947,-5.2426596,554.89,28.3,1.006074e-06
2019-08-03 02:00:00,524.5809,28.219267,16.087969,497.68,28.2,1.006074e-06
2019-08-03 03:00:00,471.1765,28.163073,30.62993,465.08002,28.1,1.006074e-06
2019-08-03 04:00:00,439.46628,28.15008,19.09984,454.73,28.1,1.006074e-06
2019-08-03 05:00:00,422.1482,28.30133,48.21595,437.73,28.2,1.006074e-06
2019-08-03 06:00:00,417.55124,28.816528,96.5339,417.81,28.8,68.0
2019-08-03 07:00:00,429.29108,29.512596,224.12856,443.36,29.2,263.0
2019-08-03 08:00:00,482.84787,29.944183,467.56586,457.63,29.6,476.0
2019-08-03 09:00:00,515.5733,30.221073,597.14545,454.38,30.0,670.0
2019-08-03 10:00:00,515.22394,30.470213,731.5464,450.52,30.3,823.00006
2019-08-03 11:00:00,513.1559,30.613304,829.4938,480.08002,30.5,941.00006
2019-08-03 12:00:00,536.30615,30.730455,879.48395,506.37,30.5,971.00006
2019-08-03 13:00:00,556.02185,30.52278,863.9371,520.24,30.6,935.0
2019-08-03 14:00:00,563.05115,30.548107,791.26013,496.85,30.6,840.00006
2019-08-03 15:00:00,536.2081,30.390266,654.5425,530.61,30.4,685.0
2019-08-03 16:00:00,548.46857,30.077278,441.6841,536.14,30.2,490.0
2019-08-03 17:00:00,553.5888,29.863508,254.66574,501.99,29.8,271.0
2019-08-03 18:00:00,520.5966,29.36885,107.622734,484.76,29.4,71.0
2019-08-03 19:00:00,503.73843,29.10876,11.26648,469.04,29.3,1.006074e-06
2019-08-03 20:00:00,506.89722,29.158113,3.863923,459.68,29.2,1.006074e-06
2019-08-03 21:00:00,513.2838,29.12742,15.391969,469.74,29.1,1.006074e-06
2019-08-03 22:00:00,524.5884,29.017042,21.425081,507.32,29.1,1.006074e-06
2019-08-03 23:00:00,545.1067,28.975338,29.593248,547.06,29.1,1.006074e-06
2019-08-04 00:00:00,547.4391,28.948772,-33.798004,551.35,29.1,1.006074e-06
2019-08-04 01:00:00,535.09357,28.95832,-42.333588,545.59,29.1,1.006074e-06
2019-08-04 02:00:00,512.0171,28.88501,2.144044,511.98,29.1,1.006074e-06
2019-08-04 03:00:00,475.2622,28.916132,20.344652,490.67,29.1,1.006074e-06
2019-08-04 04:00:00,449.605,29.049515,27.843142,462.22,29.1,1.006074e-06
2019-08-04 05:00:00,426.81995,29.172947,41.246048,449.45,29.1,1.006074e-06
2019-08-04 06:00:00,419.89792,29.542227,96.59395,424.26,29.5,72.0
2019-08-04 07:00:00,417.62866,30.024069,205.67714,413.24,29.9,272.0
2019-08-04 08:00:00,425.99582,30.473152,410.70966,430.02,30.5,487.0
2019-08-04 09:00:00,452.35513,31.120045,621.6157,450.73,30.9,681.0
2019-08-04 10:00:00,481.08023,31.437464,774.2366,440.31,31.2,627.0
2019-08-04 11:00:00,469.97983,31.446602,750.003,433.41,31.5,944.00006
2019-08-04 12:00:00,475.47162,31.605635,866.612,465.38,31.6,759.00006
2019-08-04 13:00:00,484.0625,31.526157,774.6745,504.54,31.6,661.0
2019-08-04 14:00:00,514.5352,31.598858,590.96094,496.63,31.4,837.00006
2019-08-04 15:00:00,518.48126,31.236307,636.3157,503.33,31.3,683.0
2019-08-04 16:00:00,520.8729,31.023422,479.89902,502.4,31.0,375.0
2019-08-04 17:00:00,519.4463,30.665255,210.47166,490.28,30.5,242.0
2019-08-04 18:00:00,489.61057,30.080694,87.27264,448.11002,29.9,71.0
2019-08-04 19:00:00,470.2828,29.723051,27.205843,469.59,29.7,1.006074e-06
2019-08-04 20:00:00,490.80124,29.638634,9.989732,454.69,29.6,1.006074e-06
2019-08-04 21:00:00,500.2141,29.600836,6.476289,480.37,29.5,1.006074e-06
2019-08-04 22:00:00,521.6282,29.52537,25.840197,521.81,29.5,1.006074e-06
2019-08-04 23:00:00,555.48663,29.514261,23.657808,580.02997,29.4,1.006074e-06
2019-08-05 00:00:00,577.1717,29.304022,1.4551859,586.42,29.2,1.006074e-06
2019-08-05 01:00:00,561.665,29.042618,-24.35916,534.54,29.1,1.006074e-06
2019-08-05 02:00:00,518.8578,28.877724,-7.150237,498.59,29.0,1.006074e-06
2019-08-05 03:00:00,477.96417,28.842766,8.606965,471.13998,29.0,1.006074e-06
2019-08-05 04:00:00,453.4442,28.99895,4.3129435,459.47,28.9,1.006074e-06
2019-08-05 05:00:00,435.7726,29.058313,18.288881,436.53,29.0,1.006074e-06
2019-08-05 06:00:00,431.1621,29.482254,76.62768,424.45,29.5,72.0
2019-08-05 07:00:00,438.42963,30.07721,198.84862,450.88,29.8,275.0
2019-08-05 08:00:00,475.30786,30.408558,433.85397,538.71,30.2,493.0
2019-08-05 09:00:00,560.766,30.84847,596.94965,650.72,30.7,689.0
2019-08-05 10:00:00,651.8231,31.436749,770.0778,722.51,31.0,641.0
2019-08-05 11:00:00,726.26373,31.551785,761.7032,739.9,31.1,753.0
2019-08-05 12:00:00,745.4443,31.472454,738.7794,703.54,31.2,831.0
2019-08-05 13:00:00,731.1761,31.331537,739.13116,723.99,31.2,942.00006
2019-08-05 14:00:00,725.09796,31.199795,759.4454,759.27,31.2,840.00006
2019-08-05 15:00:00,744.32996,31.160969,645.4714,754.82,30.9,415.0
2019-08-05 16:00:00,709.4941,30.779379,298.51196,754.92,30.5,492.0
2019-08-05 17:00:00,703.7634,30.340029,235.20987,702.17,30.1,275.0
2019-08-05 18:00:00,659.2483,29.794107,136.11865,671.14,29.7,62.0
2019-08-05 19:00:00,620.93585,29.427513,12.496736,614.93,29.6,1.006074e-06
2019-08-05 20:00:00,602.83417,29.465622,-3.9639425,576.82,29.5,1.006074e-06
2019-08-05 21:00:00,599.9053,29.438759,20.479769,569.27,29.5,1.006074e-06
2019-08-05 22:00:00,610.02094,29.3344,8.70839,598.03,29.5,1.006074e-06
2019-08-05 23:00:00,625.38763,29.287312,1.6501627,626.44,29.4,1.006074e-06
2019-08-06 00:00:00,619.4443,29.322159,9.061463,612.35,29.2,1.006074e-06
2019-08-06 01:00:00,592.02844,29.13458,11.873338,590.86,29.1,1.006074e-06
2019-08-06 02:00:00,550.20355,28.946285,21.243883,555.64,29.0,1.006074e-06
2019-08-06 03:00:00,517.36346,28.829195,35.299896,513.7,28.9,1.006074e-06
2019-08-06 04:00:00,484.707,28.799158,32.783966,494.61,28.9,1.006074e-06
2019-08-06 05:00:00,463.43253,28.94338,54.56334,491.5,28.9,1.006074e-06
2019-08-06 06:00:00,463.96024,29.414145,108.97285,450.51,29.3,74.0
2019-08-06 07:00:00,472.6793,29.95736,231.81429,454.73,29.6,280.0
2019-08-06 08:00:00,516.0523,30.30344,473.72653,532.38,30.0,503.0
2019-08-06 09:00:00,591.89905,30.691591,648.3222,641.01,30.3,703.0
2019-08-06 10:00:00,672.3599,30.989765,748.00226,682.08,30.6,860.00006
2019-08-06 11:00:00,715.6738,31.188915,828.8195,707.9,30.8,960.0
2019-08-06 12:00:00,747.1744,31.200254,890.66864,703.88,31.0,992.00006
2019-08-06 13:00:00,745.43866,31.073238,890.31573,745.05,31.0,956.0
2019-08-06 14:00:00,757.5227,30.97757,766.5539,745.8,30.9,855.0
2019-08-06 15:00:00,746.86346,30.933111,637.5074,737.51,30.8,696.00006
2019-08-06 16:00:00,727.2444,30.688295,460.55475,696.92,30.4,494.0
2019-08-06 17:00:00,683.80853,30.186762,252.2582,657.07,29.9,272.0
2019-08-06 18:00:00,633.29297,29.513285,91.280655,585.31,29.3,70.0
2019-08-06 19:00:00,581.21783,29.057985,-5.608535,551.11,29.0,1.006074e-06
2019-08-06 20:00:00,564.7071,28.911009,-18.221601,535.73,28.9,1.006074e-06
2019-08-06 21:00:00,574.8806,28.892742,11.582887,536.75,28.8,1.006074e-06
2019-08-06 22:00:00,593.3199,28.765032,19.01259,557.45,28.7,1.006074e-06
2019-08-06 23:00:00,610.158,28.642864,26.175219,577.8,28.6,1.006074e-06
2019-08-07 00:00:00,597.09204,28.499256,8.89203,599.67,28.6,1.006074e-06
2019-08-07 01:00:00,583.54987,28.437418,0.96476847,572.21,28.5,1.006074e-06
2019-08-07 02:00:00,542.9001,28.417294,8.011888,545.51,28.5,1.006074e-06
2019-08-07 03:00:00,513.22797,28.443445,33.817093,507.5,28.5,1.006074e-06
2019-08-07 04:00:00,478.87976,28.511173,38.776947,499.96,28.5,1.006074e-06
2019-08-07 05:00:00,458.1342,28.658245,41.909637,479.13,28.6,1.006074e-06
2019-08-07 06:00:00,446.31738,29.108635,100.97313,453.85,29.2,68.0
2019-08-07 07:00:00,462.3144,29.830833,244.20456,444.74002,29.7,269.0
2019-08-07 08:00:00,492.63223,30.360065,447.50424,522.17,30.2,486.0
2019-08-07 09:00:00,564.5799,30.821829,651.8974,649.82,30.6,296.0
2019-08-07 10:00:00,653.3525,31.034971,549.1094,687.68,30.8,315.0
2019-08-07 11:00:00,690.5298,31.12104,497.44604,683.32,30.9,438.0
2019-08-07 12:00:00,696.8757,31.01668,544.7975,666.0,30.9,177.0
2019-08-07 13:00:00,676.93164,30.8143,321.5178,690.64996,30.8,553.0
2019-08-07 14:00:00,684.5834,30.579071,451.21536,693.11,30.7,417.0
2019-08-07 15:00:00,676.99896,30.453955,384.3394,691.27,30.4,609.0
2019-08-07 16:00:00,662.08093,30.009483,479.58994,722.77,30.1,470.0
2019-08-07 17:00:00,680.5615,29.612423,297.34277,647.45,29.7,254.0
2019-08-07 18:00:00,615.1631,29.294489,108.348854,588.33,29.3,61.0
2019-08-07 19:00:00,565.8754,28.974161,1.6868601,552.81,29.2,1.006074e-06
2019-08-07 20:00:00,550.08575,28.987198,-5.9700613,536.37,29.2,1.006074e-06
2019-08-07 21:00:00,559.0332,29.117857,1.5485697,530.85,29.2,1.006074e-06
2019-08-07 22:00:00,572.16064,29.106464,-0.97878927,542.64,29.3,1.006074e-06
2019-08-07 23:00:00,595.9386,29.245634,36.349274,611.1,29.3,1.006074e-06
2019-08-08 00:00:00,614.88385,29.144444,4.7918863,595.6,29.3,1.006074e-06
2019-08-08 01:00:00,585.95825,29.212029,-34.44731,559.37,29.3,1.006074e-06
2019-08-08 02:00:00,529.2735,29.050001,3.2131357,521.79,29.3,1.006074e-06
2019-08-08 03:00:00,496.32855,29.143051,25.304811,484.65,29.2,1.006074e-06
2019-08-08 04:00:00,470.8578,28.933857,18.39818,482.2,29.2,1.006074e-06
2019-08-08 05:00:00,455.55566,29.126263,42.627213,470.62,29.2,1.006074e-06
2019-08-08 06:00:00,460.22736,29.575813,63.099266,427.16,29.5,12.000001
2019-08-08 07:00:00,447.54962,30.039501,188.07674,433.66,29.8,72.99999
2019-08-08 08:00:00,477.9767,30.387463,281.00632,501.6,30.0,145.0
2019-08-08 09:00:00,532.3109,30.41846,293.65915,569.26,30.3,415.0
2019-08-08 10:00:00,599.99585,30.727623,496.97678,665.92,30.4,491.0
2019-08-08 11:00:00,672.35474,30.834095,523.0474,706.58997,30.4,569.0
2019-08-08 12:00:00,715.71027,30.759617,583.1285,685.81,30.3,803.00006
2019-08-08 13:00:00,709.6726,30.399826,654.4899,657.55,30.2,170.0
2019-08-08 14:00:00,666.11176,30.182945,275.7796,668.74,30.0,64.99999
2019-08-08 15:00:00,646.37225,29.964159,124.74858,705.57,29.9,45.0
2019-08-08 16:00:00,666.4409,29.934893,59.261597,652.96,29.8,254.0
2019-08-08 17:00:00,663.9738,29.970709,147.00795,581.27,29.6,215.0
2019-08-08 18:00:00,595.5297,29.51139,93.58146,521.75,29.4,54.0
2019-08-08 19:00:00,523.6202,29.240887,11.99286,477.58002,29.3,1.006074e-06
2019-08-08 20:00:00,492.5715,29.237698,-25.459593,450.15,29.2,1.006074e-06
2019-08-08 21:00:00,483.91666,29.192991,-20.74423,463.06,29.2,1.006074e-06
2019-08-08 22:00:00,509.8702,29.249065,-10.042464,468.32,29.2,1.006074e-06
2019-08-08 23:00:00,522.7641,29.184675,-13.188628,480.81,29.2,1.006074e-06
2019-08-09 00:00:00,513.38513,29.118938,-27.810606,503.28,29.1,1.006074e-06
2019-08-09 01:00:00,501.443,28.956184,-24.391066,539.88,29.0,1.006074e-06
2019-08-09 02:00:00,510.91776,28.862164,-40.534424,480.35,29.0,1.006074e-06
2019-08-09 03:00:00,466.44846,28.785345,-34.97278,448.55,28.9,1.006074e-06
2019-08-09 04:00:00,432.42667,28.72332,-1.4117117,438.31,28.9,1.006074e-06
2019-08-09 05:00:00,423.4444,28.778603,-2.6774588,438.38,28.9,1.006074e-06
2019-08-09 06:00:00,423.55618,29.165909,54.78486,414.52,29.0,11.000001
2019-08-09 07:00:00,424.96338,29.441395,62.99138,411.03,29.1,58.0
2019-08-09 08:00:00,442.34387,29.313553,137.50253,385.0,29.3,29.000002
2019-08-09 09:00:00,432.87225,29.384893,182.22133,391.0,29.5,232.0
2019-08-09 10:00:00,419.48764,29.665335,324.47626,396.36002,29.8,256.0
2019-08-09 11:00:00,389.20178,29.892279,439.9917,409.42,30.2,151.0
2019-08-09 12:00:00,405.23288,30.349915,354.10345,412.64,30.4,292.0
2019-08-09 13:00:00,417.87927,30.475252,420.59116,406.23,30.7,337.0
2019-08-09 14:00:00,427.40417,30.751736,401.7533,381.84,31.0,260.0
2019-08-09 15:00:00,379.3285,31.146278,273.98535,480.6,31.1,394.0
2019-08-09 16:00:00,451.719,31.105755,344.521,392.01,30.9,302.0
2019-08-09 17:00:00,360.86877,31.071245,293.8877,406.32,30.6,136.0
2019-08-09 18:00:00,380.08966,30.431084,70.44776,404.21,30.3,34.0
2019-08-09 19:00:00,404.0869,30.245724,-16.851164,389.85,30.3,1.006074e-06
2019-08-09 20:00:00,412.41144,30.290686,-12.647155,389.79,30.2,1.006074e-06
2019-08-09 21:00:00,414.55515,30.282408,-39.754944,385.19,30.2,1.006074e-06
2019-08-09 22:00:00,429.1517,30.26986,-10.011321,404.48,30.2,1.006074e-06
2019-08-09 23:00:00,437.11307,30.208958,16.81421,454.38998,30.4,1.006074e-06
2019-08-10 00:00:00,465.51605,30.706356,2.091569,458.98,30.6,1.006074e-06
2019-08-10 01:00:00,446.7978,31.139233,39.76715,450.66,30.7,1.006074e-06
2019-08-10 02:00:00,447.65802,31.328695,-22.235655,419.66,30.7,1.006074e-06
2019-08-10 03:00:00,417.24442,31.02676,12.774705,425.58002,30.6,1.006074e-06
2019-08-10 04:00:00,411.41156,30.563734,45.861847,406.24,30.5,1.006074e-06
2019-08-10 05:00:00,393.14957,30.589504,41.938553,400.65,30.6,1.006074e-06
2019-08-10 06:00:00,383.77267,31.048067,74.99406,392.48,30.9,14.000001
2019-08-10 07:00:00,393.03107,31.4296,96.974075,380.5,31.3,45.0
2019-08-10 08:00:00,399.81262,31.87455,121.51035,398.14,31.699999,138.0
2019-08-10 09:00:00,416.46448,32.530693,304.2134,443.27002,32.1,404.0
2019-08-10 10:00:00,447.61636,32.423847,470.84293,473.48,32.399998,725.0
2019-08-10 11:00:00,478.892,32.714775,661.03894,484.4,32.6,695.00006
2019-08-10 12:00:00,490.78552,32.737225,685.2465,457.93,32.7,853.0
2019-08-10 13:00:00,474.62442,32.67231,747.2463,491.4,32.7,791.0
2019-08-10 14:00:00,495.02454,32.631565,726.17676,504.66,32.5,772.0
2019-08-10 15:00:00,496.51614,32.28398,661.3983,512.86,32.2,670.0
2019-08-10 16:00:00,512.8657,31.973898,503.73322,511.94,31.9,472.0
2019-08-10 17:00:00,503.2098,31.76104,268.70288,493.43,31.3,254.0
2019-08-10 18:00:00,479.72943,31.08397,101.75998,474.1,30.8,59.0
2019-08-10 19:00:00,463.27585,30.690794,-2.9939413,461.01,30.7,1.006074e-06
2019-08-10 20:00:00,465.25293,30.739088,-29.484236,486.3,30.6,1.006074e-06
2019-08-10 21:00:00,495.50525,30.795929,-2.4650564,475.93,30.7,1.006074e-06
2019-08-10 22:00:00,506.3371,30.808989,9.248567,507.02,30.6,1.006074e-06
2019-08-10 23:00:00,521.0999,30.63145,10.74524,529.04,30.5,1.006074e-06
2019-08-11 00:00:00,515.78357,30.446735,-42.87944,532.02,30.4,1.006074e-06
2019-08-11 01:00:00,504.0747,30.20207,-64.55617,488.25,30.4,1.006074e-06
2019-08-11 02:00:00,453.5229,30.22079,-46.34955,457.28,30.2,1.006074e-06
2019-08-11 03:00:00,420.63043,30.05163,-25.918379,430.14,30.0,1.006074e-06
2019-08-11 04:00:00,391.5993,29.91166,-0.86967367,415.46,29.9,1.006074e-06
2019-08-11 05:00:00,380.7115,29.990591,12.546479,405.67,29.9,1.006074e-06
2019-08-11 06:00:00,372.7431,30.325731,44.917664,383.28998,30.2,51.999992
2019-08-11 07:00:00,376.999,30.791838,114.51082,388.4,30.6,195.0
2019-08-11 08:00:00,403.958,31.26486,273.54468,401.86002,31.0,406.0
2019-08-11 09:00:00,431.92795,31.697687,534.0808,419.32,31.4,588.0
2019-08-11 10:00:00,451.461,31.977808,678.9409,432.30002,31.6,732.0
2019-08-11 11:00:00,459.20618,32.11459,764.672,425.52,31.699999,810.0
2019-08-11 12:00:00,458.43192,31.987766,816.59515,445.44,31.8,817.00006
2019-08-11 13:00:00,463.7184,31.850464,778.55096,470.97,31.9,897.0
2019-08-11 14:00:00,489.91473,31.930716,763.16705,504.55,31.9,740.00006
2019-08-11 15:00:00,514.08704,31.863018,603.9674,535.35,31.699999,588.0
2019-08-11 16:00:00,534.48175,31.625607,408.44592,513.68,31.2,399.0
2019-08-11 17:00:00,518.59296,31.064405,222.271,487.75,30.7,201.0
2019-08-11 18:00:00,482.3699,30.464973,87.813194,470.9,30.2,48.0
2019-08-11 19:00:00,471.98907,30.176245,9.213731,468.48,29.9,1.006074e-06
2019-08-11 20:00:00,478.41876,30.017246,-13.283156,457.71,29.7,1.006074e-06
2019-08-11 21:00:00,488.52512,29.92678,-0.14443868,467.76,29.6,1.006074e-06
2019-08-11 22:00:00,499.71524,29.747896,11.310182,524.95,29.4,1.006074e-06
2019-08-11 23:00:00,534.1764,29.506033,13.947282,569.65,29.3,1.006074e-06
2019-08-12 00:00:00,552.4637,29.293634,-2.7410421,561.74,29.1,1.006074e-06
2019-08-12 01:00:00,533.1723,29.032726,-12.605132,523.25,29.0,1.006074e-06
2019-08-12 02:00:00,489.76947,28.89007,-3.4253073,495.57,28.9,1.006074e-06
2019-08-12 03:00:00,460.15643,28.865225,8.807267,473.13998,28.8,1.006074e-06
2019-08-12 04:00:00,444.8773,28.918499,13.161683,439.9,28.8,1.006074e-06
2019-08-12 05:00:00,419.23804,29.101889,24.69687,426.38,28.8,1.006074e-06
2019-08-12 06:00:00,411.72345,29.383707,62.48076,408.43,29.3,5.000001
2019-08-12 07:00:00,418.09283,29.888355,131.5989,419.75,30.0,117.0
2019-08-12 08:00:00,450.53915,30.62084,287.41177,500.95,30.8,162.0
2019-08-12 09:00:00,526.4411,31.399622,371.72058,616.66,31.1,322.0
2019-08-12 10:00:00,616.097,31.572685,495.0303,689.1,31.0,431.0
2019-08-12 11:00:00,682.12024,31.321547,536.8826,697.95,30.9,211.0
2019-08-12 12:00:00,701.70166,30.921806,359.37915,681.88,30.9,418.0
2019-08-12 13:00:00,686.9198,30.775753,411.2796,719.58,30.8,743.0
2019-08-12 14:00:00,705.4479,30.664305,545.6506,686.43,30.6,317.0
2019-08-12 15:00:00,682.55286,30.359184,293.68475,673.51,30.4,357.0
2019-08-12 16:00:00,652.0469,30.061338,239.91318,660.1,30.2,369.0
2019-08-12 17:00:00,647.7643,29.809017,230.63272,629.75,30.0,157.0
2019-08-12 18:00:00,601.16785,29.672234,67.95869,597.48,29.7,39.0
2019-08-12 19:00:00,567.79156,29.498852,-41.010925,579.67,29.5,1.006074e-06
2019-08-12 20:00:00,565.382,29.48159,-15.820144,568.34,29.3,1.006074e-06
2019-08-12 21:00:00,582.6828,29.331392,2.5868692,545.67,29.2,1.006074e-06
2019-08-12 22:00:00,581.90845,29.102268,-27.03581,565.75,29.1,1.006074e-06
2019-08-12 23:00:00,587.55457,28.982964,-25.789549,608.15,29.0,1.006074e-06
2019-08-13 00:00:00,595.34406,28.826614,-31.775206,622.35,29.0,1.006074e-06
2019-08-13 01:00:00,582.9537,28.746468,-42.971176,567.33,28.9,1.006074e-06
2019-08-13 02:00:00,520.1889,28.655737,-37.57811,529.1,28.8,1.006074e-06
2019-08-13 03:00:00,484.4164,28.557638,-14.910155,476.84,28.6,1.006074e-06
2019-08-13 04:00:00,444.99237,28.385195,6.223893,464.03,28.5,1.006074e-06
2019-08-13 05:00:00,430.90457,28.48787,2.1523142,441.86,28.4,1.006074e-06
2019-08-13 06:00:00,423.72775,28.6979,19.919802,419.38,29.1,53.0
2019-08-13 07:00:00,437.86252,29.649221,169.38043,436.56,30.0,244.0
2019-08-13 08:00:00,490.08456,30.72856,368.02264,530.53,31.0,456.0
2019-08-13 09:00:00,589.00604,31.628801,592.56793,600.73,31.5,629.0
2019-08-13 10:00:00,641.9577,31.956717,664.7217,667.64,31.8,803.00006
2019-08-13 11:00:00,689.29846,32.176697,737.77325,681.27997,32.0,905.00006
2019-08-13 12:00:00,706.0616,32.09193,864.43317,672.19,32.1,936.0
2019-08-13 13:00:00,702.0329,31.881582,800.94165,679.61,32.0,897.0
2019-08-13 14:00:00,694.694,31.847971,705.9958,710.12,31.8,806.0
2019-08-13 15:00:00,707.44476,31.569544,609.55365,713.34,31.5,621.0
2019-08-13 16:00:00,697.4076,31.09502,409.1316,701.66,31.1,451.0
2019-08-13 17:00:00,672.9288,30.599669,233.30753,660.36,30.7,237.0
2019-08-13 18:00:00,630.58594,30.072142,101.94887,610.94,29.9,46.999992
2019-08-13 19:00:00,590.947,29.447466,-6.465987,592.17,29.5,1.006074e-06
2019-08-13 20:00:00,589.7364,29.236807,-30.777052,562.43,29.2,1.006074e-06
2019-08-13 21:00:00,595.7173,29.167198,-0.7813863,547.55,29.0,1.006074e-06
2019-08-13 22:00:00,602.9189,29.034985,9.730378,567.59,28.8,1.006074e-06
2019-08-13 23:00:00,614.97,28.79371,14.321656,586.22003,28.8,1.006074e-06
2019-08-14 00:00:00,600.38354,28.680994,1.4972849,566.84,28.7,1.006074e-06
2019-08-14 01:00:00,555.1878,28.507612,-1.1464224,545.2,28.6,1.006074e-06
2019-08-14 02:00:00,514.67114,28.425272,13.399995,494.68,28.4,1.006074e-06
2019-08-14 03:00:00,468.5704,28.251148,22.768831,465.0,28.3,1.006074e-06
2019-08-14 04:00:00,443.31586,28.291534,19.331606,447.72,28.2,1.006074e-06
2019-08-14 05:00:00,423.5584,28.387363,27.927767,421.05,28.2,1.006074e-06
2019-08-14 06:00:00,413.28104,28.78873,91.86579,408.26,29.0,57.0
2019-08-14 07:00:00,430.5981,29.756657,228.9826,427.33002,29.8,251.0
2019-08-14 08:00:00,482.0956,30.635836,442.01047,569.75,30.7,466.0
2019-08-14 09:00:00,598.1755,31.488247,667.6774,618.43,31.3,661.0
2019-08-14 10:00:00,653.8804,31.881012,780.201,702.06,31.699999,815.0
2019-08-14 11:00:00,707.97876,32.081753,855.98096,716.41003,32.0,920.00006
2019-08-14 12:00:00,728.4524,32.118015,879.2023,682.79,32.3,952.0
2019-08-14 13:00:00,713.9766,32.155827,849.1999,720.1,32.3,916.0
2019-08-14 14:00:00,716.3203,32.04395,741.9023,761.4,32.2,576.0
2019-08-14 15:00:00,737.53784,31.852106,485.53677,730.61,31.9,657.0
2019-08-14 16:00:00,705.8059,31.340914,405.25793,703.51,31.4,457.0
2019-08-14 17:00:00,676.01117,30.773922,233.83096,642.34,30.9,240.0
2019-08-14 18:00:00,608.4347,30.101568,88.61833,618.37,30.1,48.0
2019-08-14 19:00:00,580.59454,29.51104,-33.658173,601.62,29.8,1.006074e-06
2019-08-14 20:00:00,587.3255,29.455927,-33.407623,584.6,29.6,1.006074e-06
2019-08-14 21:00:00,609.46686,29.45976,1.5979013,573.91,29.4,1.006074e-06
2019-08-14 22:00:00,612.6179,29.248875,-6.7056265,629.36,29.4,1.006074e-06
2019-08-14 23:00:00,648.7551,29.258938,20.655428,662.76,29.2,1.006074e-06
2019-08-15 00:00:00,653.2131,28.97957,-0.49645895,648.76,29.0,1.006074e-06
2019-08-15 01:00:00,606.7746,28.691689,-29.553648,603.42,28.8,1.006074e-06
2019-08-15 02:00:00,549.66864,28.489939,-17.102995,564.06,28.7,1.006074e-06
2019-08-15 03:00:00,510.62015,28.416515,-3.8874807,516.02,28.6,1.006074e-06
2019-08-15 04:00:00,476.18982,28.46915,-3.686141,490.88998,28.4,1.006074e-06
2019-08-15 05:00:00,444.5312,28.508854,-1.4677877,461.87,28.3,1.006074e-06
2019-08-15 06:00:00,432.37607,28.803778,69.51752,445.2,29.1,54.0
2019-08-15 07:00:00,460.73618,29.777409,218.76486,516.29,30.0,192.0
2019-08-15 08:00:00,547.01984,30.740618,394.43448,562.15,30.9,431.0
2019-08-15 09:00:00,608.54114,31.60339,631.4114,611.8,31.5,305.0
2019-08-15 10:00:00,641.22845,31.95596,539.76215,715.6,31.9,560.0
2019-08-15 11:00:00,704.8992,32.142727,648.0321,741.95,32.1,456.0
2019-08-15 12:00:00,742.5031,32.18259,623.88696,719.92,32.2,123.0
2019-08-15 13:00:00,711.5019,32.067413,306.83426,735.74,32.1,454.0
2019-08-15 14:00:00,718.77826,31.949644,368.16418,759.89,31.8,689.0
2019-08-15 15:00:00,745.7055,31.394484,510.8517,757.12,31.5,522.0
2019-08-15 16:00:00,733.6475,30.911083,372.09393,707.1,31.1,236.0
2019-08-15 17:00:00,673.57306,30.547901,129.99875,667.33997,30.6,62.0
2019-08-15 18:00:00,614.94385,30.010597,10.100083,625.64,30.1,11.000001
2019-08-15 19:00:00,597.33057,29.693,-41.782715,586.94,29.9,1.006074e-06
2019-08-15 20:00:00,596.34155,29.69531,-33.386536,543.27,29.7,1.006074e-06
2019-08-15 21:00:00,587.4043,29.63928,12.041184,533.89,29.5,1.006074e-06
2019-08-15 22:00:00,592.29913,29.46759,12.582032,564.95,29.3,1.006074e-06
2019-08-15 23:00:00,616.6379,29.223234,5.992875,603.8,29.1,1.006074e-06
2019-08-16 00:00:00,614.12915,28.918653,-15.895293,573.73,29.0,1.006074e-06
2019-08-16 01:00:00,567.9444,28.701782,-8.013228,546.0,28.8,1.006074e-06
2019-08-16 02:00:00,519.24316,28.462666,15.653123,508.97,28.7,1.006074e-06
2019-08-16 03:00:00,484.5644,28.479506,10.17476,487.02,28.6,1.006074e-06
2019-08-16 04:00:00,468.30676,28.499062,3.6724558,460.8,28.5,1.006074e-06
2019-08-16 05:00:00,447.188,28.581673,31.644976,445.72,28.5,1.006074e-06
2019-08-16 06:00:00,445.21783,28.950521,62.18022,431.04,28.9,21.000002
2019-08-16 07:00:00,447.17316,29.434101,138.40384,431.93,29.3,199.0
2019-08-16 08:00:00,473.66306,29.948757,315.8752,500.12,30.0,400.0
2019-08-16 09:00:00,548.7238,30.708158,514.1999,532.39,30.7,349.0
2019-08-16 10:00:00,576.39215,31.175165,530.31006,614.93,31.1,645.0
2019-08-16 11:00:00,630.92865,31.526928,598.5824,638.86,31.3,540.0
2019-08-16 12:00:00,655.4562,31.59151,558.2187,613.67,31.4,640.0
2019-08-16 13:00:00,637.6075,31.34879,606.26465,650.83,31.4,759.00006
2019-08-16 14:00:00,647.2066,31.184177,620.79944,671.32,31.2,691.00006
2019-08-16 15:00:00,660.6841,30.882738,570.152,683.72003,30.9,398.0
2019-08-16 16:00:00,647.4828,30.550243,283.51733,666.37,30.7,296.0
2019-08-16 17:00:00,628.903,30.361666,144.93196,628.43,30.3,224.0
2019-08-16 18:00:00,594.9052,29.893793,92.57668,603.15,29.8,39.0
2019-08-16 19:00:00,571.3752,29.464714,-11.889297,588.6,29.6,1.006074e-06
2019-08-16 20:00:00,573.4341,29.461708,-19.807386,536.45,29.4,1.006074e-06
2019-08-16 21:00:00,559.7254,29.345108,17.003252,534.78,29.2,1.006074e-06
2019-08-16 22:00:00,565.32166,29.144672,3.1428232,544.37,29.0,1.006074e-06
2019-08-16 23:00:00,572.9685,28.953709,6.10135,617.31,28.8,1.006074e-06
2019-08-17 00:00:00,602.104,28.784204,-1.8124228,593.37,28.7,1.006074e-06
2019-08-17 01:00:00,578.1462,28.602837,-4.3407125,542.15,28.6,1.006074e-06
2019-08-17 02:00:00,517.9712,28.477692,22.766985,509.47,28.5,1.006074e-06
2019-08-17 03:00:00,478.81223,28.367313,11.052354,467.5,28.5,1.006074e-06
2019-08-17 04:00:00,448.44678,28.437515,25.97156,445.97,28.5,1.006074e-06
2019-08-17 05:00:00,423.67755,28.603521,28.280046,435.67,28.6,1.006074e-06
2019-08-17 06:00:00,418.4095,29.110783,68.455864,390.12,29.2,33.0
2019-08-17 07:00:00,410.7149,29.85954,190.87625,410.21,29.7,234.0
2019-08-17 08:00:00,446.54303,30.363115,358.62027,454.01,30.4,407.0
2019-08-17 09:00:00,507.65598,31.061892,563.5262,461.45,31.0,484.0
2019-08-17 10:00:00,512.1434,31.408102,606.3279,471.76,31.4,784.00006
2019-08-17 11:00:00,522.43365,31.725782,743.5905,493.37,31.6,888.00006
2019-08-17 12:00:00,549.3149,31.730307,846.4736,509.93,31.699999,914.0
2019-08-17 13:00:00,559.54803,31.553665,833.19745,547.36,31.699999,872.0
2019-08-17 14:00:00,574.28015,31.555792,728.5367,535.02,31.5,782.00006
2019-08-17 15:00:00,558.6244,31.241936,607.10754,526.11,31.2,448.0
2019-08-17 16:00:00,541.9393,30.78714,308.37207,524.7,30.8,370.0
2019-08-17 17:00:00,541.6559,30.325333,175.51976,529.9,30.2,126.0
2019-08-17 18:00:00,532.28265,29.725126,44.923233,467.23,29.6,31.000002
2019-08-17 19:00:00,496.6921,29.282316,-35.175003,492.0,29.3,1.006074e-06
2019-08-17 20:00:00,519.5929,29.2377,-24.431913,490.01,29.1,1.006074e-06
2019-08-17 21:00:00,537.1508,29.133238,8.590547,512.18,29.0,1.006074e-06
2019-08-17 22:00:00,560.8948,29.005632,17.742556,548.12,28.8,1.006074e-06
2019-08-17 23:00:00,574.85175,28.761845,5.8659525,575.01,28.5,1.006074e-06
2019-08-18 00:00:00,569.53314,28.383215,-33.311905,574.35,28.3,1.006074e-06
2019-08-18 01:00:00,542.2881,28.033022,-46.450714,549.15,28.1,1.006074e-06
2019-08-18 02:00:00,508.77887,27.939335,-28.150343,500.73,27.9,1.006074e-06
2019-08-18 03:00:00,460.8848,27.82623,-12.63008,474.58002,27.8,1.006074e-06
2019-08-18 04:00:00,430.71616,27.90754,-16.5482,448.23,27.7,1.006074e-06
2019-08-18 05:00:00,407.7706,27.968176,-9.995879,429.23,27.8,1.006074e-06
2019-08-18 06:00:00,400.51944,28.423193,60.148773,409.87,28.5,49.0
2019-08-18 07:00:00,407.9307,29.189318,183.96104,412.16,29.2,237.0
2019-08-18 08:00:00,425.75604,29.93755,361.12418,423.37,30.2,445.0
2019-08-18 09:00:00,454.45798,30.926651,575.2417,428.80002,30.7,632.0
2019-08-18 10:00:00,464.80383,31.245771,729.65704,446.04,30.7,427.0
2019-08-18 11:00:00,455.9737,30.871458,587.08496,464.09,30.6,547.0
2019-08-18 12:00:00,454.94223,30.493483,588.81024,491.2,30.3,74.0
2019-08-18 13:00:00,485.75824,30.104355,207.39137,511.51,30.1,360.0
2019-08-18 14:00:00,505.84903,29.892008,260.32538,523.4,29.9,225.0
2019-08-18 15:00:00,536.7407,29.637537,204.24911,527.55,29.6,222.0
2019-08-18 16:00:00,525.84576,29.2013,144.18167,525.97,29.2,185.0
2019-08-18 17:00:00,520.32477,28.730677,60.50978,526.03,28.9,55.0
2019-08-18 18:00:00,501.42603,28.504969,16.50693,507.15,28.5,16.000002
2019-08-18 19:00:00,499.33096,28.373415,-30.15219,512.07,28.3,1.006074e-06
2019-08-18 20:00:00,510.13257,28.29946,-7.391448,521.25,28.1,1.006074e-06
2019-08-18 21:00:00,534.7314,28.074795,-6.1208944,550.77,28.0,1.006074e-06
2019-08-18 22:00:00,560.79456,27.787403,1.0953989,580.38,27.9,1.006074e-06
2019-08-18 23:00:00,582.94714,27.643587,28.563448,615.16,27.8,1.006074e-06
2019-08-19 00:00:00,583.39557,27.520506,25.830324,606.97,27.7,1.006074e-06
2019-08-19 01:00:00,555.904,27.5784,41.68683,561.73,27.6,1.006074e-06
2019-08-19 02:00:00,522.6989,27.351915,25.287432,522.5,27.6,1.006074e-06
2019-08-19 03:00:00,482.90692,27.501867,37.562027,480.28,27.6,1.006074e-06
2019-08-19 04:00:00,463.02524,27.586267,18.875322,455.54,27.6,1.006074e-06
2019-08-19 05:00:00,439.32327,27.675941,22.302202,438.01,27.6,1.006074e-06
2019-08-19 06:00:00,437.9478,27.95948,30.948198,421.9,27.9,31.000002
2019-08-19 07:00:00,439.07077,28.231987,88.37806,439.56,28.2,148.0
2019-08-19 08:00:00,472.4692,28.519156,268.56018,516.52,28.6,118.0
2019-08-19 09:00:00,555.9451,28.835995,227.88606,611.12,28.9,390.0
2019-08-19 10:00:00,629.5968,29.170986,467.97812,670.74,29.0,564.0
2019-08-19 11:00:00,692.85864,29.281504,526.6765,695.86,29.0,622.0
2019-08-19 12:00:00,707.70135,29.230375,559.52216,696.0,28.9,627.0
2019-08-19 13:00:00,710.07983,28.782448,515.89154,710.84,28.8,687.00006
2019-08-19 14:00:00,705.82983,28.689726,502.59357,717.06,28.6,384.0
2019-08-19 15:00:00,705.8167,28.524359,306.2914,714.76,28.5,229.0
2019-08-19 16:00:00,687.09467,28.396013,144.80023,686.27997,28.3,24.000002
2019-08-19 17:00:00,658.08887,28.23862,2.4804087,667.33,28.1,59.0
2019-08-19 18:00:00,644.6067,27.988037,0.6665507,632.88,27.9,19.000002
2019-08-19 19:00:00,626.0498,27.870232,-5.7309866,609.65,27.9,1.006074e-06
2019-08-19 20:00:00,610.40686,27.890942,-1.7852621,593.86,27.9,1.006074e-06
2019-08-19 21:00:00,610.49274,27.896927,0.20640665,593.9,27.9,1.006074e-06
2019-08-19 22:00:00,619.4321,27.835604,11.541673,610.09,27.8,1.006074e-06
2019-08-19 23:00:00,623.7202,27.693295,-9.001327,623.57,27.7,1.006074e-06
2019-08-20 00:00:00,609.65704,27.657501,-9.041411,620.72003,27.6,1.006074e-06
2019-08-20 01:00:00,587.4102,27.569464,8.32367,574.62,27.4,1.006074e-06
2019-08-20 02:00:00,538.8024,27.30063,5.5266886,529.71,27.3,1.006074e-06
2019-08-20 03:00:00,493.90527,27.17881,6.328614,490.25,27.2,1.006074e-06
2019-08-20 04:00:00,465.12637,27.11222,9.77736,464.77,27.2,1.006074e-06
2019-08-20 05:00:00,443.71005,27.291126,8.788865,443.88,27.2,1.006074e-06
2019-08-20 06:00:00,438.68967,27.57094,50.23887,424.75,27.8,36.0
2019-08-20 07:00:00,449.1226,28.364481,137.9728,441.30002,28.3,158.0
2019-08-20 08:00:00,494.65594,28.89958,258.8968,509.06,28.8,412.0
2019-08-20 09:00:00,572.0025,29.297457,519.4291,608.57,29.2,651.0
2019-08-20 10:00:00,656.5801,29.571625,679.0393,662.02,29.4,136.0
2019-08-20 11:00:00,677.8866,29.553923,346.117,682.63,29.6,368.0
2019-08-20 12:00:00,688.1553,29.568909,407.3402,690.27997,29.5,761.00006
2019-08-20 13:00:00,722.5184,29.403513,596.45306,703.95,29.3,421.0
2019-08-20 14:00:00,715.73944,29.170471,419.57922,716.86,29.2,230.0
2019-08-20 15:00:00,700.47577,29.035397,185.9566,710.94,29.0,515.0
2019-08-20 16:00:00,701.651,28.875202,330.3904,693.52997,28.7,318.0
2019-08-20 17:00:00,681.9772,28.483702,202.31073,664.51,28.5,94.0
2019-08-20 18:00:00,629.74304,28.11411,11.511689,629.25,28.2,23.000002
2019-08-20 19:00:00,597.79956,27.990875,-11.384826,606.06,28.0,1.006074e-06
2019-08-20 20:00:00,599.7884,27.949587,26.133577,588.49,28.0,1.006074e-06
2019-08-20 21:00:00,606.84143,27.89055,3.5905771,591.58,27.9,1.006074e-06
2019-08-20 22:00:00,608.1899,27.804766,0.30885416,605.24,27.9,1.006074e-06
2019-08-20 23:00:00,627.23926,27.832733,23.152239,606.65,27.7,1.006074e-06
2019-08-21 00:00:00,608.41956,27.577318,11.064164,588.03,27.6,1.006074e-06
2019-08-21 01:00:00,558.0076,27.512869,1.7460489,554.26,27.5,1.006074e-06
2019-08-21 02:00:00,517.7922,27.341303,-5.9105062,512.84,27.3,1.006074e-06
2019-08-21 03:00:00,482.05386,27.11444,30.052263,473.25,27.3,1.006074e-06
2019-08-21 04:00:00,456.37814,27.237978,32.421005,450.68,27.2,1.006074e-06
2019-08-21 05:00:00,431.23004,27.209566,10.487275,430.44,27.3,1.006074e-06
2019-08-21 06:00:00,422.91382,27.65133,61.375374,409.51,27.9,19.000002
2019-08-21 07:00:00,430.9043,28.605648,143.3987,428.85,28.3,236.0
2019-08-21 08:00:00,481.96597,28.896917,415.76593,513.3,28.4,381.0
2019-08-21 09:00:00,555.9635,28.873762,506.76895,601.16,28.6,595.0
2019-08-21 10:00:00,635.391,29.186794,553.7927,673.35,28.7,689.0
2019-08-21 11:00:00,702.2927,29.193346,681.4309,691.69,28.8,791.0
2019-08-21 12:00:00,722.2583,29.049984,726.0428,701.78,28.8,338.0
2019-08-21 13:00:00,715.4545,28.881872,403.78198,713.83,28.9,704.0
2019-08-21 14:00:00,714.44403,28.974596,510.37607,729.39,28.8,223.0
2019-08-21 15:00:00,724.378,28.820852,279.4532,721.83,28.8,482.0
2019-08-21 16:00:00,708.65924,28.743008,301.62787,706.08,28.7,400.0
2019-08-21 17:00:00,692.3935,28.59403,227.54749,668.35,28.5,195.0
2019-08-21 18:00:00,631.73737,28.247066,102.34147,632.7,28.2,21.999987
2019-08-21 19:00:00,599.113,27.93559,-17.723204,615.57,28.3,1.006074e-06
2019-08-21 20:00:00,589.5306,28.113037,8.588151,593.51,28.3,1.006074e-06
2019-08-21 21:00:00,598.4436,28.204836,12.727021,587.54,28.3,1.006074e-06
2019-08-21 22:00:00,603.35895,28.084845,13.177262,609.89,28.2,1.006074e-06
2019-08-21 23:00:00,623.3108,28.03399,10.971726,632.72003,28.2,1.006074e-06
2019-08-22 00:00:00,618.781,27.986835,-3.2650137,620.87,28.2,1.006074e-06
2019-08-22 01:00:00,581.73444,28.173634,-0.36064047,580.45,28.2,1.006074e-06
2019-08-22 02:00:00,541.0842,28.071436,11.688859,532.36,28.1,1.006074e-06
2019-08-22 03:00:00,493.44006,28.033926,23.706652,489.49,28.1,1.006074e-06
2019-08-22 04:00:00,467.50446,27.966658,33.482254,464.05,28.1,1.006074e-06
2019-08-22 05:00:00,436.58508,28.14257,51.992935,445.86,28.1,1.006074e-06
2019-08-22 06:00:00,436.75073,28.464828,71.6004,424.88,28.7,48.0
2019-08-22 07:00:00,441.87415,29.238276,204.31781,448.19,29.6,242.0
2019-08-22 08:00:00,505.87784,30.216618,418.90244,526.87,30.1,459.0
2019-08-22 09:00:00,584.03485,30.549028,598.46375,620.73,30.5,659.0
2019-08-22 10:00:00,666.5533,30.738066,753.21594,680.85,30.9,816.00006
2019-08-22 11:00:00,718.1918,31.084263,779.2246,677.67,31.0,935.0
2019-08-22 12:00:00,727.98517,31.098143,851.4108,684.55,31.1,963.00006
2019-08-22 13:00:00,726.3746,30.92683,793.4354,708.65,31.0,922.00006
2019-08-22 14:00:00,726.5106,30.91351,703.6048,735.14,30.7,818.00006
2019-08-22 15:00:00,736.92554,30.524763,593.89484,722.17,30.3,305.0
2019-08-22 16:00:00,708.2245,29.939837,234.68419,708.08,29.8,449.0
2019-08-22 17:00:00,689.13025,29.454733,190.40074,662.0,29.4,228.0
2019-08-22 18:00:00,647.70825,28.953905,93.45437,615.14,28.9,37.0
2019-08-22 19:00:00,606.30444,28.51818,-20.943235,555.56,28.8,1.006074e-06
2019-08-22 20:00:00,580.9658,28.516426,-29.259504,505.14,28.8,1.006074e-06
2019-08-22 21:00:00,566.57904,28.66192,8.412934,513.61,28.7,1.006074e-06
2019-08-22 22:00:00,578.7343,28.549265,2.1098795,523.12,28.7,1.006074e-06
2019-08-22 23:00:00,583.9414,28.519236,16.405977,525.68,28.6,1.006074e-06
2019-08-23 00:00:00,556.3686,28.447184,3.106904,516.65,28.4,1.006074e-06
2019-08-23 01:00:00,517.581,28.192799,6.902894,485.83,28.1,1.006074e-06
2019-08-23 02:00:00,472.2746,27.874786,2.432908,439.58002,28.0,1.006074e-06
2019-08-23 03:00:00,428.80548,27.790222,4.092057,445.09,28.0,1.006074e-06
2019-08-23 04:00:00,428.30502,27.987839,20.12639,422.94,28.0,1.006074e-06
2019-08-23 05:00:00,413.3596,28.174452,48.44491,420.13,28.0,1.006074e-06
2019-08-23 06:00:00,411.62637,28.54108,93.57496,404.67,28.9,54.0
2019-08-23 07:00:00,433.18637,29.608479,230.15985,424.80002,29.5,252.0
2019-08-23 08:00:00,483.51703,30.269342,454.15594,484.71,30.0,471.0
2019-08-23 09:00:00,539.11017,30.684603,615.293,532.02,30.5,670.0
2019-08-23 10:00:00,575.8643,30.996754,740.5982,615.81,30.8,826.0
2019-08-23 11:00:00,636.1059,31.172344,831.02094,640.16,30.9,931.0
2019-08-23 12:00:00,667.8532,31.047447,844.3923,610.17,31.0,960.0
2019-08-23 13:00:00,648.1623,30.834202,856.1668,601.16,30.9,918.0
2019-08-23 14:00:00,619.55206,30.588255,751.84155,619.58,30.7,195.0
2019-08-23 15:00:00,606.7887,30.370209,222.83565,641.74,30.4,648.0
2019-08-23 16:00:00,621.8632,30.065886,342.82907,627.81,30.0,200.0
2019-08-23 17:00:00,615.97894,29.681963,121.420944,605.39,29.6,222.0
2019-08-23 18:00:00,573.6534,29.16909,34.284958,572.21,29.2,34.0
2019-08-23 19:00:00,558.4883,28.90617,-17.631025,546.25,29.0,1.006074e-06
2019-08-23 20:00:00,544.6245,28.875864,10.792146,525.54,29.0,1.006074e-06
2019-08-23 21:00:00,550.8332,28.865414,-3.0556936,520.51,29.0,1.006074e-06
2019-08-23 22:00:00,539.64026,28.826292,6.8135233,539.11,28.9,1.006074e-06
2019-08-23 23:00:00,558.36926,28.763435,7.464158,574.16,28.8,1.006074e-06
2019-08-24 00:00:00,559.6443,28.603811,-16.9326,575.98,28.7,1.006074e-06
2019-08-24 01:00:00,535.9164,28.573902,-7.6100607,545.22,28.6,1.006074e-06
2019-08-24 02:00:00,497.5922,28.445732,15.8950205,508.83,28.5,1.006074e-06
2019-08-24 03:00:00,463.8807,28.365004,9.249711,475.2,28.6,1.006074e-06
2019-08-24 04:00:00,450.64578,28.521255,41.301514,447.73,28.6,1.006074e-06
2019-08-24 05:00:00,418.5266,28.68228,29.953356,430.07,28.7,1.006074e-06
2019-08-24 06:00:00,416.85458,29.098091,86.71769,414.02,28.9,45.0
2019-08-24 07:00:00,423.71356,29.499645,204.7419,421.07,29.1,228.0
2019-08-24 08:00:00,457.6798,29.696695,365.6878,443.69,29.4,381.0
2019-08-24 09:00:00,484.19073,29.857458,551.6141,459.08,29.8,599.0
2019-08-24 10:00:00,510.33038,30.176538,681.077,483.24,30.0,381.0
2019-08-24 11:00:00,486.302,30.097486,502.77902,506.17,30.1,580.0
2019-08-24 12:00:00,514.49634,30.09758,648.578,509.95,30.2,795.00006
2019-08-24 13:00:00,544.90076,30.179968,699.06494,531.15,30.1,578.0
2019-08-24 14:00:00,550.3338,30.082884,535.36035,532.66,30.0,536.0
2019-08-24 15:00:00,540.2985,29.843346,439.7409,537.22,29.8,330.0
2019-08-24 16:00:00,530.1612,29.71375,246.75624,528.46,29.6,213.0
2019-08-24 17:00:00,530.27844,29.469858,110.675385,516.6,29.4,80.0
2019-08-24 18:00:00,512.64667,29.199541,7.86316,496.21,29.2,15.000001
2019-08-24 19:00:00,499.92538,29.139706,-10.427627,494.35,29.1,1.006074e-06
2019-08-24 20:00:00,514.04535,29.125435,6.1848154,499.47,29.1,1.006074e-06
2019-08-24 21:00:00,525.74146,29.100445,13.646424,512.18,29.0,1.006074e-06
2019-08-24 22:00:00,536.35754,28.97409,8.383164,548.12,29.0,1.006074e-06
2019-08-24 23:00:00,561.9157,29.064163,16.867006,575.01,29.0,1.006074e-06
2019-08-25 00:00:00,568.30646,29.048668,-22.735441,574.35,29.0,1.006074e-06
2019-08-25 01:00:00,547.61816,29.037191,-8.608184,549.15,28.9,1.006074e-06
2019-08-25 02:00:00,511.64276,28.849352,8.080064,500.73,28.9,1.006074e-06
2019-08-25 03:00:00,468.73453,28.78378,30.896059,474.58002,28.9,1.006074e-06
2019-08-25 04:00:00,444.492,28.883734,32.3936,448.23,28.7,1.006074e-06
2019-08-25 05:00:00,420.96594,28.754307,13.2473,429.23,28.5,1.006074e-06
2019-08-25 06:00:00,408.16498,28.803022,58.817078,409.87,28.9,49.0
2019-08-25 07:00:00,410.0973,29.379934,141.02539,412.16,29.4,143.0
2019-08-25 08:00:00,427.65152,29.89292,306.5718,423.37,30.1,266.0
2019-08-25 09:00:00,450.47748,30.627804,437.44833,428.80002,30.7,483.0
2019-08-25 10:00:00,466.22083,31.14745,537.32446,446.04,31.0,455.0
2019-08-25 11:00:00,460.90594,31.222446,574.77966,464.09,31.0,494.0
2019-08-25 12:00:00,460.38852,30.999302,569.03174,491.2,30.8,741.00006
2019-08-25 13:00:00,500.19763,30.692911,667.10645,511.51,30.8,606.0
2019-08-25 14:00:00,519.99884,30.710327,562.2181,523.4,30.7,706.0
2019-08-25 15:00:00,530.604,30.58746,549.1458,527.55,30.5,505.0
2019-08-25 16:00:00,529.0264,30.273287,366.88412,525.97,30.1,392.0
2019-08-25 17:00:00,517.52747,29.829546,223.09496,526.03,29.7,204.0
2019-08-25 18:00:00,509.53036,29.405924,90.68664,507.15,29.3,23.000002
2019-08-25 19:00:00,500.37692,29.155746,1.2610025,512.07,29.1,1.006074e-06
2019-08-25 20:00:00,520.0817,29.168839,-4.776351,521.25,29.0,1.006074e-06
2019-08-25 21:00:00,543.5036,29.113316,10.3386545,550.77,28.9,1.006074e-06
2019-08-25 22:00:00,566.9133,28.996267,12.649079,580.38,28.9,1.006074e-06
2019-08-25 23:00:00,586.76105,28.936754,17.968966,615.16,28.8,1.006074e-06
2019-08-26 00:00:00,594.6261,28.792744,7.9987497,606.97,28.7,1.006074e-06
2019-08-26 01:00:00,570.0297,28.599457,-11.717437,561.73,28.6,1.006074e-06
2019-08-26 02:00:00,524.58215,28.424028,-10.978423,522.5,28.5,1.006074e-06
2019-08-26 03:00:00,487.8541,28.305508,1.7956858,480.28,28.4,1.006074e-06
2019-08-26 04:00:00,458.94998,28.39027,12.938188,455.54,28.3,1.006074e-06
2019-08-26 05:00:00,436.4834,28.424105,14.710862,438.01,28.2,1.006074e-06
2019-08-26 06:00:00,430.01978,28.615826,55.247986,421.9,28.7,48.0
2019-08-26 07:00:00,440.54297,29.218502,130.10258,439.56,29.3,226.0
2019-08-26 08:00:00,477.26227,29.898424,341.10013,516.52,29.9,413.0
2019-08-26 09:00:00,558.37177,30.568176,546.5383,611.12,30.2,632.0
2019-08-26 10:00:00,638.0945,30.878622,671.3261,670.74,30.3,736.00006
2019-08-26 11:00:00,698.49164,30.873455,762.51385,695.86,30.4,846.00006
2019-08-26 12:00:00,722.55566,30.694845,774.01807,696.0,30.6,571.0
2019-08-26 13:00:00,720.1364,30.704119,591.8063,710.84,30.8,398.0
2019-08-26 14:00:00,709.1602,30.84513,380.48996,717.06,30.7,796.00006
2019-08-26 15:00:00,730.11945,30.763126,546.46106,714.76,30.5,631.0
2019-08-26 16:00:00,722.8341,30.341732,458.9676,686.27997,30.1,428.0
2019-08-26 17:00:00,672.10297,29.749977,230.25275,667.33,29.7,207.0
2019-08-26 18:00:00,630.07275,29.25758,87.47411,632.88,29.3,25.000002
2019-08-26 19:00:00,609.2379,29.011862,4.622819,609.65,29.1,1.006074e-06
2019-08-26 20:00:00,611.6253,28.94738,-20.29875,593.86,29.0,1.006074e-06
2019-08-26 21:00:00,615.8064,28.90015,-5.7656546,593.9,28.9,1.006074e-06
2019-08-26 22:00:00,631.54816,28.810698,20.576021,610.09,28.8,1.006074e-06
2019-08-26 23:00:00,639.2539,28.586565,6.504136,623.57,28.6,1.006074e-06
2019-08-27 00:00:00,615.6755,28.457685,-8.657958,620.72003,28.4,1.006074e-06
2019-08-27 01:00:00,587.2705,28.182636,-11.921279,574.62,28.3,1.006074e-06
2019-08-27 02:00:00,537.87177,28.098413,1.497529,529.71,28.1,1.006074e-06
2019-08-27 03:00:00,495.02924,27.954185,18.342363,490.25,28.0,1.006074e-06
2019-08-27 04:00:00,461.6258,27.976824,24.062227,464.77,27.9,1.006074e-06
2019-08-27 05:00:00,442.18774,28.001013,34.382965,443.88,27.7,1.006074e-06
2019-08-27 06:00:00,436.02875,28.134789,79.78065,424.75,28.4,54.0
2019-08-27 07:00:00,449.276,28.940773,191.65007,441.30002,29.0,262.0
2019-08-27 08:00:00,491.84622,29.690243,430.35376,509.06,29.8,490.0
2019-08-27 09:00:00,574.6869,30.506493,639.7746,608.57,30.4,692.00006
2019-08-27 10:00:00,663.5003,30.978045,793.13885,662.02,30.8,847.0
2019-08-27 11:00:00,713.018,31.207132,860.03516,682.63,31.0,947.00006
2019-08-27 12:00:00,721.659,31.281176,842.9296,690.27997,31.1,973.0
2019-08-27 13:00:00,722.0496,31.172771,840.6656,703.95,30.9,929.00006
2019-08-27 14:00:00,721.0829,30.7143,746.37354,716.86,30.6,822.00006
2019-08-27 15:00:00,720.5365,30.35427,609.7159,710.94,30.2,655.0
2019-08-27 16:00:00,703.73346,29.851547,431.27582,693.52997,29.8,447.0
2019-08-27 17:00:00,673.329,29.388214,232.57501,664.51,29.2,223.0
2019-08-27 18:00:00,633.63794,28.748135,75.6396,629.25,28.6,30.000002
2019-08-27 19:00:00,608.7605,28.284538,-14.641433,606.06,28.4,1.006074e-06
2019-08-27 20:00:00,608.0041,28.249367,-11.607665,588.49,28.3,1.006074e-06
2019-08-27 21:00:00,617.5291,28.247316,7.3824778,591.58,28.2,1.006074e-06
2019-08-27 22:00:00,629.3774,28.144262,18.10538,605.24,28.1,1.006074e-06
2019-08-27 23:00:00,640.851,28.021587,27.481524,606.65,28.1,1.006074e-06
2019-08-28 00:00:00,610.59344,27.93245,0.1061564,588.03,28.0,1.006074e-06
2019-08-28 01:00:00,564.29254,27.803343,-0.26483053,554.26,28.0,1.006074e-06
2019-08-28 02:00:00,519.1592,27.802465,13.401124,512.84,27.9,1.006074e-06
2019-08-28 03:00:00,480.41086,27.735786,19.130816,473.25,27.8,1.006074e-06
2019-08-28 04:00:00,449.29147,27.74437,26.747072,450.68,27.8,1.006074e-06
2019-08-28 05:00:00,425.39374,27.846981,39.720947,430.44,27.8,1.006074e-06
2019-08-28 06:00:00,419.84128,28.291548,92.74932,409.51,28.5,51.0
2019-08-28 07:00:00,435.20377,29.13483,225.56303,428.85,29.2,254.0
2019-08-28 08:00:00,487.71185,29.950054,455.09573,513.3,29.9,477.0
2019-08-28 09:00:00,571.69257,30.617968,661.3536,601.16,30.5,677.0
2019-08-28 10:00:00,647.8244,31.083029,794.4883,673.35,30.9,832.0
2019-08-28 11:00:00,706.0318,31.302563,865.80457,691.69,31.2,933.0
2019-08-28 12:00:00,726.2359,31.340315,883.34735,701.78,31.3,963.00006
2019-08-28 13:00:00,729.1449,31.195253,838.1926,713.83,31.3,922.00006
2019-08-28 14:00:00,727.91656,31.0479,740.67786,729.39,31.2,813.0
2019-08-28 15:00:00,731.5604,30.865843,616.7565,721.83,31.0,647.0
2019-08-28 16:00:00,711.86346,30.544878,433.14093,706.08,30.6,440.0
2019-08-28 17:00:00,683.019,30.043709,233.78197,668.35,29.9,215.0
2019-08-28 18:00:00,634.06213,29.248762,71.6359,632.7,29.3,27.000002
2019-08-28 19:00:00,608.00354,28.771963,-23.673826,615.57,29.0,1.006074e-06
2019-08-28 20:00:00,610.579,28.685965,-19.59619,593.51,28.9,1.006074e-06
2019-08-28 21:00:00,620.06775,28.693071,0.24765116,587.54,28.8,1.006074e-06
2019-08-28 22:00:00,625.934,28.585064,3.5847178,609.89,28.7,1.006074e-06
2019-08-28 23:00:00,640.749,28.50393,19.434633,632.72003,28.6,1.006074e-06
2019-08-29 00:00:00,627.6012,28.364325,-1.0038137,620.87,28.5,1.006074e-06
2019-08-29 01:00:00,588.32135,28.269697,-7.3646383,580.45,28.4,1.006074e-06
2019-08-29 02:00:00,539.3901,28.186106,3.6430216,532.36,28.3,1.006074e-06
2019-08-29 03:00:00,494.15106,28.098574,10.792314,489.49,28.3,1.006074e-06
2019-08-29 04:00:00,459.9955,28.184155,15.442231,464.05,28.2,1.006074e-06
2019-08-29 05:00:00,431.15805,28.257689,22.411669,445.86,28.3,1.006074e-06
2019-08-29 06:00:00,426.25916,28.75677,85.01767,424.88,29.0,46.999992
2019-08-29 07:00:00,444.92755,29.6209,215.46451,448.19,29.9,242.0
2019-08-29 08:00:00,501.7702,30.592386,442.41257,526.87,30.5,458.0
2019-08-29 09:00:00,583.1103,31.161,648.5103,620.73,30.8,653.0
2019-08-29 10:00:00,657.98047,31.29385,767.21783,680.85,31.2,504.0
2019-08-29 11:00:00,699.54504,31.45071,669.6757,712.93,31.4,897.0
2019-08-29 12:00:00,733.0129,31.524519,805.5402,711.29,31.6,782.00006
2019-08-29 13:00:00,740.06836,31.491531,737.46246,720.19,31.6,610.0
2019-08-29 14:00:00,723.9992,31.372559,542.0903,734.67,31.3,400.0
2019-08-29 15:00:00,718.8037,30.950068,341.21893,738.14,30.9,90.0
2019-08-29 16:00:00,702.25525,30.450014,127.0644,710.1,30.5,53.0
2019-08-29 17:00:00,681.84705,30.053596,5.7714853,656.35,30.0,195.0
2019-08-29 18:00:00,641.9701,29.587204,40.215057,621.45,29.5,19.000002
2019-08-29 19:00:00,611.6517,29.171373,-9.496001,586.89,29.4,1.006074e-06
2019-08-29 20:00:00,596.06177,29.102888,-17.363646,570.84,29.3,1.006074e-06
2019-08-29 21:00:00,598.3262,29.149431,-1.0665274,573.42,29.2,1.006074e-06
2019-08-29 22:00:00,607.2618,29.073236,7.8530436,587.63,29.1,1.006074e-06
2019-08-29 23:00:00,622.7734,28.97896,6.5822306,598.65,29.0,1.006074e-06
2019-08-30 00:00:00,604.9855,28.859243,-4.1768637,593.18,28.8,1.006074e-06
2019-08-30 01:00:00,571.25305,28.689306,6.9095316,571.57,28.6,1.006074e-06
2019-08-30 02:00:00,534.26404,28.449097,2.747178,515.51,28.5,1.006074e-06
2019-08-30 03:00:00,490.9745,28.396124,2.6521158,481.54,28.6,1.006074e-06
2019-08-30 04:00:00,465.46005,28.546587,1.256608,460.22,28.5,1.006074e-06
2019-08-30 05:00:00,442.70026,28.546263,12.09372,442.73,28.5,1.006074e-06
2019-08-30 06:00:00,437.58597,28.882187,65.07312,424.34,28.8,42.0
2019-08-30 07:00:00,439.7626,29.347116,156.03088,437.61002,29.2,10.000001
2019-08-30 08:00:00,472.52332,29.656534,215.6181,493.69,29.5,118.0
2019-08-30 09:00:00,530.5776,29.926584,266.15604,558.35,29.6,59.0
2019-08-30 10:00:00,588.5948,29.775433,155.24706,583.5,29.5,94.0
2019-08-30 11:00:00,597.7749,29.56695,210.86185,596.8,29.5,879.00006
2019-08-30 12:00:00,644.42706,29.813946,611.0872,569.45,29.4,730.0
2019-08-30 13:00:00,622.2419,29.34745,629.9513,585.14,29.3,80.0
2019-08-30 14:00:00,582.52264,29.00895,191.51965,579.75,29.3,61.0
2019-08-30 15:00:00,565.5606,29.148424,37.0941,561.62,29.2,49.0
2019-08-30 16:00:00,552.3008,29.151665,54.30256,544.13,29.1,74.0
2019-08-30 17:00:00,560.0432,29.106094,35.77997,533.64,28.9,14.000001
2019-08-30 18:00:00,544.7253,28.836355,-30.17552,502.32,28.7,4.000001
2019-08-30 19:00:00,522.5056,28.706642,0.36351115,468.51,28.5,1.006074e-06
2019-08-30 20:00:00,498.6634,28.495361,-7.8312674,445.22,28.4,1.006074e-06
2019-08-30 21:00:00,478.64526,28.390055,-19.42105,420.01,28.3,1.006074e-06
2019-08-30 22:00:00,464.65936,28.342197,-22.388777,424.16,28.1,1.006074e-06
2019-08-30 23:00:00,469.47665,28.160091,2.7781992,429.37,28.0,1.006074e-06
2019-08-31 00:00:00,448.49713,27.975346,-24.343855,432.7,27.9,1.006074e-06
2019-08-31 01:00:00,421.68668,27.890537,-31.870085,421.94,27.9,1.006074e-06
2019-08-31 02:00:00,404.66638,27.835987,-20.265944,414.98,27.8,1.006074e-06
2019-08-31 03:00:00,402.62296,27.744505,9.86963,382.4,27.7,1.006074e-06
2019-08-31 04:00:00,378.27893,27.637676,-32.961502,366.03,27.7,1.006074e-06
2019-08-31 05:00:00,363.5752,27.627535,0.673173,361.79,27.8,1.006074e-06
2019-08-31 06:00:00,349.94778,28.166746,66.43596,358.94,28.3,44.0
2019-08-31 07:00:00,365.7543,28.823036,125.34789,381.28998,28.7,242.0
2019-08-31 08:00:00,416.2629,29.091097,317.9167,392.65,29.0,464.0
2019-08-31 09:00:00,439.70862,29.384003,399.63406,419.39,29.3,666.0
2019-08-31 10:00:00,454.55276,29.467604,564.48706,451.81,29.7,824.00006
2019-08-31 11:00:00,479.13913,29.659555,737.8397,497.63998,29.9,926.00006
2019-08-31 12:00:00,516.5825,29.921959,771.2412,498.72,30.0,955.0
2019-08-31 13:00:00,519.90955,30.024126,750.24347,505.58,30.0,913.0
2019-08-31 14:00:00,523.6115,29.870064,702.48206,516.6,30.0,804.00006
2019-08-31 15:00:00,524.9632,29.806892,587.92944,552.97,29.8,637.0
2019-08-31 16:00:00,536.2771,29.590818,390.5011,522.07,29.6,430.0
2019-08-31 17:00:00,506.07956,29.319878,203.9619,518.95,29.2,206.0
2019-08-31 18:00:00,488.7752,28.863533,73.40109,498.12,28.8,21.000002
2019-08-31 19:00:00,477.3646,28.555973,-11.043349,488.4,28.6,1.006074e-06
2019-08-31 20:00:00,482.90656,28.436079,-11.472091,489.26,28.5,1.006074e-06
2019-08-31 21:00:00,492.99075,28.42506,11.488008,509.61,28.4,1.006074e-06
2019-08-31 22:00:00,511.3325,28.322086,14.970887,554.2,28.3,1.006074e-06
2019-08-31 23:00:00,544.7975,28.195557,2.2966623,586.05,28.3,1.006074e-06
