datetime,pred_GHI,pred_TEMPERATURE,pred_OT,true_GHI,true_TEMPERATURE,true_OT
2019-08-01 00:00:00,31.220201,29.029568,609.1744,1.006074e-06,29.0,598.27
2019-08-01 01:00:00,27.635118,28.888906,570.71906,1.006074e-06,28.9,558.85
2019-08-01 02:00:00,19.463259,28.765707,523.1749,1.006074e-06,28.8,522.67
2019-08-01 03:00:00,15.879487,28.716522,480.6332,1.006074e-06,28.7,493.74
2019-08-01 04:00:00,6.1001596,28.61312,455.92987,1.006074e-06,28.7,464.62
2019-08-01 05:00:00,20.980608,28.769943,433.09155,1.006074e-06,28.7,430.15
2019-08-01 06:00:00,90.032875,29.231493,414.6091,74.0,29.2,406.57
2019-08-01 07:00:00,240.48375,29.849823,424.4587,273.0,29.8,424.41
2019-08-01 08:00:00,459.96133,30.42481,472.15045,487.0,30.6,532.13
2019-08-01 09:00:00,691.179,31.17177,587.3286,680.0,30.9,681.93
2019-08-01 10:00:00,762.7221,31.414242,705.03815,832.0,30.9,715.13
2019-08-01 11:00:00,822.07477,31.256573,741.94867,940.0,31.0,722.52997
2019-08-01 12:00:00,842.8063,31.153522,752.2693,970.00006,31.1,705.2
2019-08-01 13:00:00,808.2634,31.19917,743.4538,935.0,31.1,722.8
2019-08-01 14:00:00,730.11804,31.122505,741.73456,838.00006,31.0,746.88
2019-08-01 15:00:00,614.8904,30.984404,746.86945,681.0,30.8,772.88
2019-08-01 16:00:00,472.24396,30.766747,751.2897,484.0,30.6,738.84
2019-08-01 17:00:00,253.49957,30.373096,706.8593,268.0,30.2,668.86
2019-08-01 18:00:00,106.00335,29.8767,635.2107,71.0,29.8,633.18
2019-08-01 19:00:00,32.761307,29.541132,600.49493,1.006074e-06,29.6,574.52
2019-08-01 20:00:00,20.78348,29.39771,570.76086,1.006074e-06,29.5,581.84
2019-08-01 21:00:00,39.42923,29.31008,585.845,1.006074e-06,29.5,550.53
2019-08-01 22:00:00,44.58911,29.264587,586.05585,1.006074e-06,29.3,561.69
2019-08-01 23:00:00,31.690096,29.126144,591.5224,1.006074e-06,29.2,565.19
2019-08-02 00:00:00,2.8327951,29.02635,575.53796,1.006074e-06,29.0,584.62
2019-08-02 01:00:00,12.076264,28.954659,545.72345,1.006074e-06,28.8,560.6
2019-08-02 02:00:00,4.587327,28.758247,502.742,1.006074e-06,28.7,511.13
2019-08-02 03:00:00,-0.91433614,28.6111,465.35846,1.006074e-06,28.7,478.69
2019-08-02 04:00:00,1.4232035,28.591103,434.19058,1.006074e-06,28.6,466.18
2019-08-02 05:00:00,4.561387,28.768332,423.00705,1.006074e-06,28.6,434.36
2019-08-02 06:00:00,65.04194,29.251778,410.0038,72.0,29.1,430.66
2019-08-02 07:00:00,253.61589,29.934307,433.8909,269.0,29.5,446.17
2019-08-02 08:00:00,498.15628,30.283058,491.45822,484.0,29.8,500.93
2019-08-02 09:00:00,678.195,30.337831,559.8684,680.0,29.9,592.43
2019-08-02 10:00:00,785.1668,30.241282,631.3084,623.0,30.0,639.37
2019-08-02 11:00:00,686.5236,30.243332,658.98834,943.00006,30.2,625.08
2019-08-02 12:00:00,845.99084,30.36148,670.06323,780.00006,30.4,626.25
2019-08-02 13:00:00,730.8806,30.502464,669.29565,939.0,30.5,652.2
2019-08-02 14:00:00,740.3706,30.581535,673.33014,854.0,30.6,663.57
2019-08-02 15:00:00,641.2047,30.575544,677.2613,696.00006,30.5,687.85
2019-08-02 16:00:00,495.52576,30.595469,673.62897,496.0,30.3,667.57
2019-08-02 17:00:00,265.67294,30.136742,649.11646,276.0,29.8,634.61
2019-08-02 18:00:00,109.095085,29.607748,592.0439,74.0,29.1,592.11
2019-08-02 19:00:00,22.602343,28.950634,564.8355,1.006074e-06,28.9,569.23
2019-08-02 20:00:00,13.220017,28.829893,556.35156,1.006074e-06,28.7,535.54
2019-08-02 21:00:00,16.675066,28.722569,551.18384,1.006074e-06,28.6,512.02
2019-08-02 22:00:00,27.258562,28.59691,546.6175,1.006074e-06,28.6,538.72
2019-08-02 23:00:00,22.878542,28.517654,563.4496,1.006074e-06,28.5,577.11
2019-08-03 00:00:00,6.4705057,28.557634,572.5994,1.006074e-06,28.4,590.67
2019-08-03 01:00:00,11.319581,28.464346,543.57623,1.006074e-06,28.3,554.89
2019-08-03 02:00:00,5.4105844,28.33059,502.3619,1.006074e-06,28.2,497.68
2019-08-03 03:00:00,-6.5680227,28.221748,453.81485,1.006074e-06,28.1,465.08002
2019-08-03 04:00:00,-24.35423,28.066818,426.99924,1.006074e-06,28.1,454.73
2019-08-03 05:00:00,14.986283,28.307045,411.43423,1.006074e-06,28.2,437.73
2019-08-03 06:00:00,69.55032,28.953625,408.27158,68.0,28.8,417.81
2019-08-03 07:00:00,226.67082,29.747057,421.46848,263.0,29.2,443.36
2019-08-03 08:00:00,503.99023,30.162518,477.26126,476.0,29.6,457.63
2019-08-03 09:00:00,677.73987,30.285046,515.20905,670.0,30.0,454.38
2019-08-03 10:00:00,778.7859,30.469736,505.5178,823.00006,30.3,450.52
2019-08-03 11:00:00,902.0835,30.601067,495.8423,941.00006,30.5,480.08002
2019-08-03 12:00:00,907.85834,30.752207,510.97418,971.00006,30.5,506.37
2019-08-03 13:00:00,872.876,30.620968,527.32526,935.0,30.6,520.24
2019-08-03 14:00:00,783.30743,30.565832,541.9715,840.00006,30.6,496.85
2019-08-03 15:00:00,647.0784,30.52273,540.0096,685.0,30.4,530.61
2019-08-03 16:00:00,472.5294,30.324017,541.5331,490.0,30.2,536.14
2019-08-03 17:00:00,264.67776,29.928932,538.62616,271.0,29.8,501.99
2019-08-03 18:00:00,107.5811,29.44289,504.4174,71.0,29.4,484.76
2019-08-03 19:00:00,30.781008,29.10478,489.47678,1.006074e-06,29.3,469.04
2019-08-03 20:00:00,11.520631,29.042767,489.67358,1.006074e-06,29.2,459.68
2019-08-03 21:00:00,15.103242,29.012627,496.78394,1.006074e-06,29.1,469.74
2019-08-03 22:00:00,21.986055,28.93165,511.8691,1.006074e-06,29.1,507.32
2019-08-03 23:00:00,28.78502,28.874977,535.3835,1.006074e-06,29.1,547.06
2019-08-04 00:00:00,12.391007,28.901777,546.289,1.006074e-06,29.1,551.35
2019-08-04 01:00:00,24.222078,28.954767,525.01227,1.006074e-06,29.1,545.59
2019-08-04 02:00:00,13.335404,29.089163,508.63672,1.006074e-06,29.1,511.98
2019-08-04 03:00:00,-7.066207,29.072968,480.77603,1.006074e-06,29.1,490.67
2019-08-04 04:00:00,-8.394393,29.093546,457.44308,1.006074e-06,29.1,462.22
2019-08-04 05:00:00,16.828264,29.303427,435.93268,1.006074e-06,29.1,449.45
2019-08-04 06:00:00,81.45483,29.728193,424.55423,72.0,29.5,424.26
2019-08-04 07:00:00,201.49658,30.269024,423.35507,272.0,29.9,413.24
2019-08-04 08:00:00,399.56625,30.654171,433.58368,487.0,30.5,430.02
2019-08-04 09:00:00,624.1073,31.177502,454.46176,681.0,30.9,450.73
2019-08-04 10:00:00,798.5787,31.513327,469.18884,627.0,31.2,440.31
2019-08-04 11:00:00,735.59015,31.573902,455.8532,944.00006,31.5,433.41
2019-08-04 12:00:00,901.4519,31.607922,455.79294,759.00006,31.6,465.38
2019-08-04 13:00:00,740.2764,31.605717,466.5782,661.0,31.6,504.54
2019-08-04 14:00:00,621.52905,31.637314,490.3107,837.00006,31.4,496.63
2019-08-04 15:00:00,619.9299,31.211237,509.6641,683.0,31.3,503.33
2019-08-04 16:00:00,511.05222,31.033352,518.6133,375.0,31.0,502.4
2019-08-04 17:00:00,231.88757,30.647655,500.0255,242.0,30.5,490.28
2019-08-04 18:00:00,93.12526,30.074219,471.93454,71.0,29.9,448.11002
2019-08-04 19:00:00,24.017183,29.672735,455.07977,1.006074e-06,29.7,469.59
2019-08-04 20:00:00,3.9242716,29.541698,477.84695,1.006074e-06,29.6,454.69
2019-08-04 21:00:00,17.334856,29.508495,486.34848,1.006074e-06,29.5,480.37
2019-08-04 22:00:00,23.205706,29.511097,513.78845,1.006074e-06,29.5,521.81
2019-08-04 23:00:00,25.243822,29.473524,548.9583,1.006074e-06,29.4,580.02997
2019-08-05 00:00:00,19.90381,29.553131,573.7923,1.006074e-06,29.2,586.42
2019-08-05 01:00:00,30.103518,29.454638,544.14996,1.006074e-06,29.1,534.54
2019-08-05 02:00:00,9.223786,29.189062,500.0014,1.006074e-06,29.0,498.59
2019-08-05 03:00:00,-7.004012,29.017067,459.4719,1.006074e-06,29.0,471.13998
2019-08-05 04:00:00,-21.857924,29.03837,443.67593,1.006074e-06,28.9,459.47
2019-08-05 05:00:00,12.9098215,29.126379,430.20135,1.006074e-06,29.0,436.53
2019-08-05 06:00:00,68.44605,29.683813,424.54977,72.0,29.5,424.45
2019-08-05 07:00:00,203.56491,30.303019,432.16205,275.0,29.8,450.88
2019-08-05 08:00:00,456.0179,30.554373,476.94257,493.0,30.2,538.71
2019-08-05 09:00:00,667.2321,30.849957,570.85956,689.0,30.7,650.72
2019-08-05 10:00:00,775.2084,31.261866,656.9787,641.0,31.0,722.51
2019-08-05 11:00:00,753.8425,31.358593,722.09607,753.0,31.1,739.9
2019-08-05 12:00:00,731.858,31.462837,741.5206,831.0,31.2,703.54
2019-08-05 13:00:00,713.9486,31.533476,731.3616,942.00006,31.2,723.99
2019-08-05 14:00:00,715.72943,31.361761,727.4211,840.00006,31.2,759.27
2019-08-05 15:00:00,607.3063,31.261936,743.74695,415.0,30.9,754.82
2019-08-05 16:00:00,341.4974,30.938782,709.5395,492.0,30.5,754.92
2019-08-05 17:00:00,247.44186,30.209913,693.67303,275.0,30.1,702.17
2019-08-05 18:00:00,113.32237,29.788141,656.13135,62.0,29.7,671.14
2019-08-05 19:00:00,8.05539,29.51599,629.42926,1.006074e-06,29.6,614.93
2019-08-05 20:00:00,9.846894,29.455006,607.4893,1.006074e-06,29.5,576.82
2019-08-05 21:00:00,37.010437,29.39334,601.319,1.006074e-06,29.5,569.27
2019-08-05 22:00:00,34.760223,29.292135,607.0148,1.006074e-06,29.5,598.03
2019-08-05 23:00:00,16.253542,29.321636,623.89655,1.006074e-06,29.4,626.44
2019-08-06 00:00:00,12.737794,29.33734,611.8348,1.006074e-06,29.2,612.35
2019-08-06 01:00:00,14.7691965,29.209549,567.9177,1.006074e-06,29.1,590.86
2019-08-06 02:00:00,13.260896,29.099236,526.4683,1.006074e-06,29.0,555.64
2019-08-06 03:00:00,14.514939,28.952887,495.93683,1.006074e-06,28.9,513.7
2019-08-06 04:00:00,18.431795,28.828228,467.91568,1.006074e-06,28.9,494.61
2019-08-06 05:00:00,29.512972,28.994284,449.26584,1.006074e-06,28.9,491.5
2019-08-06 06:00:00,85.87646,29.496542,452.27026,74.0,29.3,450.51
2019-08-06 07:00:00,246.98607,30.126093,458.5677,280.0,29.6,454.73
2019-08-06 08:00:00,520.0802,30.385826,505.40063,503.0,30.0,532.38
2019-08-06 09:00:00,728.7653,30.420889,595.3849,703.0,30.3,641.01
2019-08-06 10:00:00,766.7559,30.60523,670.9714,860.00006,30.6,682.08
2019-08-06 11:00:00,845.7128,30.87255,710.03345,960.0,30.8,707.9
2019-08-06 12:00:00,875.996,31.018652,738.56464,992.00006,31.0,703.88
2019-08-06 13:00:00,871.2393,31.025982,741.64874,956.0,31.0,745.05
2019-08-06 14:00:00,748.0641,31.07715,750.636,855.0,30.9,745.8
2019-08-06 15:00:00,635.10516,31.000826,762.6735,696.00006,30.8,737.51
2019-08-06 16:00:00,482.49,30.689896,741.84247,494.0,30.4,696.92
2019-08-06 17:00:00,261.62732,30.084816,685.9095,272.0,29.9,657.07
2019-08-06 18:00:00,109.98636,29.501896,628.2556,70.0,29.3,585.31
2019-08-06 19:00:00,27.691866,29.027737,575.5336,1.006074e-06,29.0,551.11
2019-08-06 20:00:00,19.97307,28.793823,557.7893,1.006074e-06,28.9,535.73
2019-08-06 21:00:00,43.428406,28.720156,563.4928,1.006074e-06,28.8,536.75
2019-08-06 22:00:00,40.892593,28.648575,578.32983,1.006074e-06,28.7,557.45
2019-08-06 23:00:00,34.51564,28.574913,596.3003,1.006074e-06,28.6,577.8
2019-08-07 00:00:00,28.74898,28.584831,587.67334,1.006074e-06,28.6,599.67
2019-08-07 01:00:00,32.37561,28.533657,560.8513,1.006074e-06,28.5,572.21
2019-08-07 02:00:00,10.317475,28.43406,522.4148,1.006074e-06,28.5,545.51
2019-08-07 03:00:00,16.501192,28.381248,494.327,1.006074e-06,28.5,507.5
2019-08-07 04:00:00,13.771272,28.396408,463.43454,1.006074e-06,28.5,499.96
2019-08-07 05:00:00,20.524675,28.562088,452.43634,1.006074e-06,28.6,479.13
2019-08-07 06:00:00,89.60582,29.164728,445.18866,68.0,29.2,453.85
2019-08-07 07:00:00,266.5797,29.968779,461.3172,269.0,29.7,444.74002
2019-08-07 08:00:00,485.08932,30.485386,488.04895,486.0,30.2,522.17
2019-08-07 09:00:00,689.67017,30.831303,557.88983,296.0,30.6,649.82
2019-08-07 10:00:00,485.08548,30.874836,631.0605,315.0,30.8,687.68
2019-08-07 11:00:00,453.19675,31.0225,673.8189,438.0,30.9,683.32
2019-08-07 12:00:00,485.26718,30.979742,693.2752,177.0,30.9,666.0
2019-08-07 13:00:00,355.92224,30.912584,690.5059,553.0,30.8,690.64996
2019-08-07 14:00:00,354.62082,30.686712,667.15784,417.0,30.7,693.11
2019-08-07 15:00:00,347.72134,30.529768,680.9625,609.0,30.4,691.27
2019-08-07 16:00:00,326.56094,30.145922,667.2313,470.0,30.1,722.77
2019-08-07 17:00:00,255.33282,29.999596,684.0829,254.0,29.7,647.45
2019-08-07 18:00:00,84.78428,29.579012,611.9756,61.0,29.3,588.33
2019-08-07 19:00:00,15.1654825,29.278831,558.76044,1.006074e-06,29.2,552.81
2019-08-07 20:00:00,16.101229,29.224037,549.85724,1.006074e-06,29.2,536.37
2019-08-07 21:00:00,24.999636,29.253521,554.9807,1.006074e-06,29.2,530.85
2019-08-07 22:00:00,26.320559,29.175798,564.3021,1.006074e-06,29.3,542.64
2019-08-07 23:00:00,22.32297,29.165163,581.9125,1.006074e-06,29.3,611.1
2019-08-08 00:00:00,9.850358,29.399666,594.40674,1.006074e-06,29.3,595.6
2019-08-08 01:00:00,-27.626524,29.398022,550.20856,1.006074e-06,29.3,559.37
2019-08-08 02:00:00,4.0210733,29.194891,502.6928,1.006074e-06,29.3,521.79
2019-08-08 03:00:00,-17.97502,29.319826,463.7187,1.006074e-06,29.2,484.65
2019-08-08 04:00:00,-23.871061,29.113983,437.18344,1.006074e-06,29.2,482.2
2019-08-08 05:00:00,-7.054549,29.23442,427.17773,1.006074e-06,29.2,470.62
2019-08-08 06:00:00,45.65712,29.777979,435.31525,12.000001,29.5,427.16
2019-08-08 07:00:00,214.11134,30.45316,431.3924,72.99999,29.8,433.66
2019-08-08 08:00:00,359.8398,30.615753,471.45325,145.0,30.0,501.6
2019-08-08 09:00:00,282.55792,30.24737,538.6814,415.0,30.3,569.26
2019-08-08 10:00:00,555.5118,30.370813,615.1713,491.0,30.4,665.92
2019-08-08 11:00:00,514.7282,30.29282,684.9668,569.0,30.4,706.58997
2019-08-08 12:00:00,540.26,30.486298,709.9193,803.00006,30.3,685.81
2019-08-08 13:00:00,626.07983,30.21695,701.6623,170.0,30.2,657.55
2019-08-08 14:00:00,357.47412,30.244804,677.6363,64.99999,30.0,668.74
2019-08-08 15:00:00,222.21,29.86618,655.17236,45.0,29.9,705.57
2019-08-08 16:00:00,150.18558,30.020445,667.94025,254.0,29.8,652.96
2019-08-08 17:00:00,132.05836,29.991714,662.90173,215.0,29.6,581.27
2019-08-08 18:00:00,86.34488,29.40375,576.95685,54.0,29.4,521.75
2019-08-08 19:00:00,1.0421,29.352634,516.06854,1.006074e-06,29.3,477.58002
2019-08-08 20:00:00,-12.2265005,29.288496,481.7855,1.006074e-06,29.2,450.15
2019-08-08 21:00:00,0.8487864,29.227219,471.606,1.006074e-06,29.2,463.06
2019-08-08 22:00:00,10.281266,29.1231,497.17484,1.006074e-06,29.2,468.32
2019-08-08 23:00:00,13.042314,29.05731,512.3309,1.006074e-06,29.2,480.81
2019-08-09 00:00:00,-1.0783377,29.106237,512.59424,1.006074e-06,29.1,503.28
2019-08-09 01:00:00,10.610749,29.129538,499.01874,1.006074e-06,29.0,539.88
2019-08-09 02:00:00,10.990434,28.912132,522.6587,1.006074e-06,29.0,480.35
2019-08-09 03:00:00,78.58945,28.783073,486.5813,1.006074e-06,28.9,448.55
2019-08-09 04:00:00,49.345917,28.623688,444.88928,1.006074e-06,28.9,438.31
2019-08-09 05:00:00,22.931108,28.438677,425.69135,1.006074e-06,28.9,438.38
2019-08-09 06:00:00,71.78479,28.865986,414.96744,11.000001,29.0,414.52
2019-08-09 07:00:00,113.248695,29.00049,437.11813,58.0,29.1,411.03
2019-08-09 08:00:00,169.1384,29.030846,458.77365,29.000002,29.3,385.0
2019-08-09 09:00:00,134.09003,29.382338,467.09323,232.0,29.5,391.0
2019-08-09 10:00:00,258.47006,29.489687,409.2001,256.0,29.8,396.36002
2019-08-09 11:00:00,331.44812,29.971958,395.20914,151.0,30.2,409.42
2019-08-09 12:00:00,243.69804,30.704773,422.6943,292.0,30.4,412.64
2019-08-09 13:00:00,343.22342,30.637114,422.90927,337.0,30.7,406.23
2019-08-09 14:00:00,349.66367,30.941,417.61816,260.0,31.0,381.84
2019-08-09 15:00:00,242.11665,31.145914,378.27988,394.0,31.1,480.6
2019-08-09 16:00:00,267.87674,30.96694,428.6581,302.0,30.9,392.01
2019-08-09 17:00:00,236.10579,30.937729,402.02213,136.0,30.6,406.32
2019-08-09 18:00:00,82.51326,30.24598,379.62393,34.0,30.3,404.21
2019-08-09 19:00:00,-22.492414,29.944477,386.28964,1.006074e-06,30.3,389.85
2019-08-09 20:00:00,-45.459946,29.948532,390.63385,1.006074e-06,30.2,389.79
2019-08-09 21:00:00,-59.68727,30.045061,418.0083,1.006074e-06,30.2,385.19
2019-08-09 22:00:00,-36.751984,30.019533,433.57285,1.006074e-06,30.2,404.48
2019-08-09 23:00:00,-20.917494,29.972559,449.35834,1.006074e-06,30.4,454.38998
2019-08-10 00:00:00,-4.249297,30.216482,484.55508,1.006074e-06,30.6,458.98
2019-08-10 01:00:00,34.671844,30.621763,465.90802,1.006074e-06,30.7,450.66
2019-08-10 02:00:00,41.408524,30.868021,442.61856,1.006074e-06,30.7,419.66
2019-08-10 03:00:00,35.74173,30.935003,407.9491,1.006074e-06,30.6,425.58002
2019-08-10 04:00:00,-8.2898245,30.65361,404.01666,1.006074e-06,30.5,406.24
2019-08-10 05:00:00,-18.431791,30.620876,412.09073,1.006074e-06,30.6,400.65
2019-08-10 06:00:00,47.639008,31.229895,388.55057,14.000001,30.9,392.48
2019-08-10 07:00:00,102.32503,31.851831,390.9583,45.0,31.3,380.5
2019-08-10 08:00:00,133.49132,32.309143,386.5508,138.0,31.699999,398.14
2019-08-10 09:00:00,314.45462,32.832638,400.99377,404.0,32.1,443.27002
2019-08-10 10:00:00,617.7962,32.803307,437.45294,725.0,32.399998,473.48
2019-08-10 11:00:00,734.4098,32.906914,475.54608,695.00006,32.6,484.4
2019-08-10 12:00:00,727.6046,32.84389,479.19498,853.0,32.7,457.93
2019-08-10 13:00:00,807.7894,32.948635,461.04065,791.0,32.7,491.4
2019-08-10 14:00:00,728.4559,32.88376,481.5606,772.0,32.5,504.66
2019-08-10 15:00:00,617.073,32.52269,486.72925,670.0,32.2,512.86
2019-08-10 16:00:00,464.39526,32.231964,512.98193,472.0,31.9,511.94
2019-08-10 17:00:00,253.54854,31.451538,495.02475,254.0,31.3,493.43
2019-08-10 18:00:00,82.56997,30.907982,465.9058,59.0,30.8,474.1
2019-08-10 19:00:00,-7.8874655,30.534374,449.72168,1.006074e-06,30.7,461.01
2019-08-10 20:00:00,-21.059065,30.554838,453.17783,1.006074e-06,30.6,486.3
2019-08-10 21:00:00,0.00068765157,30.591366,481.08887,1.006074e-06,30.7,475.93
2019-08-10 22:00:00,6.266038,30.587599,487.7965,1.006074e-06,30.6,507.02
2019-08-10 23:00:00,7.1960154,30.57691,512.66003,1.006074e-06,30.5,529.04
2019-08-11 00:00:00,-0.80039877,30.50599,515.0044,1.006074e-06,30.4,532.02
2019-08-11 01:00:00,17.251467,30.427595,495.3856,1.006074e-06,30.4,488.25
2019-08-11 02:00:00,5.1424875,30.581379,439.64462,1.006074e-06,30.2,457.28
2019-08-11 03:00:00,-26.485884,30.301186,408.15573,1.006074e-06,30.0,430.14
2019-08-11 04:00:00,-18.886763,30.066982,382.59335,1.006074e-06,29.9,415.46
2019-08-11 05:00:00,-7.32524,30.036175,376.32684,1.006074e-06,29.9,405.67
2019-08-11 06:00:00,29.818071,30.423794,368.18597,51.999992,30.2,383.28998
2019-08-11 07:00:00,122.06883,31.013186,368.5867,195.0,30.6,388.4
2019-08-11 08:00:00,279.4047,31.447447,393.9138,406.0,31.0,401.86002
2019-08-11 09:00:00,542.2941,31.733206,427.39398,588.0,31.4,419.32
2019-08-11 10:00:00,739.33954,31.891993,445.2826,732.0,31.6,432.30002
2019-08-11 11:00:00,805.1459,32.048695,447.91016,810.0,31.699999,425.52
2019-08-11 12:00:00,869.8748,32.007893,445.58673,817.00006,31.8,445.44
2019-08-11 13:00:00,790.3602,32.000645,451.06714,897.0,31.9,470.97
2019-08-11 14:00:00,779.3543,31.960543,473.9976,740.00006,31.9,504.55
2019-08-11 15:00:00,627.6791,31.957077,495.22855,588.0,31.699999,535.35
2019-08-11 16:00:00,446.04596,31.721388,511.6966,399.0,31.2,513.68
2019-08-11 17:00:00,217.42348,31.014456,497.90036,201.0,30.7,487.75
2019-08-11 18:00:00,70.075966,30.343649,467.89194,48.0,30.2,470.9
2019-08-11 19:00:00,4.657426,30.010973,459.53882,1.006074e-06,29.9,468.48
2019-08-11 20:00:00,-2.3980093,29.945938,466.2648,1.006074e-06,29.7,457.71
2019-08-11 21:00:00,2.611268,29.841549,476.39963,1.006074e-06,29.6,467.76
2019-08-11 22:00:00,9.380708,29.728664,490.85028,1.006074e-06,29.4,524.95
2019-08-11 23:00:00,3.965867,29.551622,529.2426,1.006074e-06,29.3,569.65
2019-08-12 00:00:00,1.5221872,29.542345,548.1022,1.006074e-06,29.1,561.74
2019-08-12 01:00:00,13.054429,29.358946,515.4396,1.006074e-06,29.0,523.25
2019-08-12 02:00:00,-1.0212545,29.176165,472.6111,1.006074e-06,28.9,495.57
2019-08-12 03:00:00,-13.810668,28.984467,442.1375,1.006074e-06,28.8,473.13998
2019-08-12 04:00:00,-11.859817,28.866728,427.43207,1.006074e-06,28.8,439.9
2019-08-12 05:00:00,8.257524,29.099749,407.95328,1.006074e-06,28.8,426.38
2019-08-12 06:00:00,56.601006,29.480034,400.36792,5.000001,29.3,408.43
2019-08-12 07:00:00,132.23964,30.110374,404.31653,117.0,30.0,419.75
2019-08-12 08:00:00,279.4921,30.867355,440.425,162.0,30.8,500.95
2019-08-12 09:00:00,333.23325,31.54751,521.5313,322.0,31.1,616.66
2019-08-12 10:00:00,453.26367,31.560032,621.5258,431.0,31.0,689.1
2019-08-12 11:00:00,477.35913,31.207771,678.2766,211.0,30.9,697.95
2019-08-12 12:00:00,368.88162,30.902575,693.5203,418.0,30.9,681.88
2019-08-12 13:00:00,375.59842,30.733831,683.45496,743.0,30.8,719.58
2019-08-12 14:00:00,477.99942,31.001053,687.4755,317.0,30.6,686.43
2019-08-12 15:00:00,309.92264,30.4601,693.00085,357.0,30.4,673.51
2019-08-12 16:00:00,192.9053,30.203041,658.40326,369.0,30.2,660.1
2019-08-12 17:00:00,190.0281,29.934162,641.23975,157.0,30.0,629.75
2019-08-12 18:00:00,30.822313,29.706594,601.1164,39.0,29.7,597.48
2019-08-12 19:00:00,-22.002882,29.59129,571.80194,1.006074e-06,29.5,579.67
2019-08-12 20:00:00,-8.218841,29.499233,568.44086,1.006074e-06,29.3,568.34
2019-08-12 21:00:00,2.2381296,29.292597,575.3141,1.006074e-06,29.2,545.67
2019-08-12 22:00:00,-6.946395,29.163343,574.56067,1.006074e-06,29.1,565.75
2019-08-12 23:00:00,-8.358138,29.157166,588.26624,1.006074e-06,29.0,608.15
2019-08-13 00:00:00,-6.406356,29.159952,584.31573,1.006074e-06,29.0,622.35
2019-08-13 01:00:00,-7.5935507,29.18066,564.0204,1.006074e-06,28.9,567.33
2019-08-13 02:00:00,4.129472,28.97227,503.44336,1.006074e-06,28.8,529.1
2019-08-13 03:00:00,-4.0353994,28.75914,470.31494,1.006074e-06,28.6,476.84
2019-08-13 04:00:00,6.852113,28.396057,426.65057,1.006074e-06,28.5,464.03
2019-08-13 05:00:00,-18.986921,28.27491,410.81998,1.006074e-06,28.4,441.86
2019-08-13 06:00:00,29.859636,28.750393,399.6559,53.0,29.1,419.38
2019-08-13 07:00:00,216.76825,29.859232,407.81363,244.0,30.0,436.56
2019-08-13 08:00:00,489.1482,30.763597,478.8413,456.0,31.0,530.53
2019-08-13 09:00:00,696.43536,31.516792,589.63354,629.0,31.5,600.73
2019-08-13 10:00:00,818.5602,31.827528,646.92285,803.00006,31.8,667.64
2019-08-13 11:00:00,819.4435,32.086494,684.34686,905.00006,32.0,681.27997
2019-08-13 12:00:00,909.6823,32.037952,702.3701,936.0,32.1,672.19
2019-08-13 13:00:00,828.5723,31.979046,704.2024,897.0,32.0,679.61
2019-08-13 14:00:00,718.6175,32.08236,702.7466,806.0,31.8,710.12
2019-08-13 15:00:00,606.52954,31.83677,718.0112,621.0,31.5,713.34
2019-08-13 16:00:00,394.61713,31.32216,700.5828,451.0,31.1,701.66
2019-08-13 17:00:00,214.29117,30.583847,667.1562,237.0,30.7,660.36
2019-08-13 18:00:00,91.39277,30.182362,625.54047,46.999992,29.9,610.94
2019-08-13 19:00:00,13.153459,29.611534,587.85956,1.006074e-06,29.5,592.17
2019-08-13 20:00:00,8.055207,29.289053,585.27563,1.006074e-06,29.2,562.43
2019-08-13 21:00:00,25.19713,29.092775,583.1621,1.006074e-06,29.0,547.55
2019-08-13 22:00:00,32.104294,28.91771,587.3358,1.006074e-06,28.8,567.59
2019-08-13 23:00:00,21.116014,28.718544,600.64215,1.006074e-06,28.8,586.22003
2019-08-14 00:00:00,5.4545145,28.737694,591.5936,1.006074e-06,28.7,566.84
2019-08-14 01:00:00,9.265656,28.646414,535.8263,1.006074e-06,28.6,545.2
2019-08-14 02:00:00,10.726655,28.53151,494.90408,1.006074e-06,28.4,494.68
2019-08-14 03:00:00,0.80889994,28.312225,452.34418,1.006074e-06,28.3,465.0
2019-08-14 04:00:00,-5.89981,28.17795,429.1676,1.006074e-06,28.2,447.72
2019-08-14 05:00:00,12.16739,28.35275,413.3608,1.006074e-06,28.2,421.05
2019-08-14 06:00:00,74.59161,28.869608,401.01157,57.0,29.0,408.26
2019-08-14 07:00:00,235.8997,29.893303,417.7129,251.0,29.8,427.33002
2019-08-14 08:00:00,461.44183,30.739729,473.65277,466.0,30.7,569.75
2019-08-14 09:00:00,653.3947,31.353243,604.2448,661.0,31.3,618.43
2019-08-14 10:00:00,789.10767,31.746477,657.49585,815.0,31.699999,702.06
2019-08-14 11:00:00,852.768,31.97482,707.17395,920.00006,32.0,716.41003
2019-08-14 12:00:00,862.4956,32.083435,726.2124,952.0,32.3,682.79
2019-08-14 13:00:00,831.333,32.222507,716.0417,916.0,32.3,720.1
2019-08-14 14:00:00,744.5814,32.24929,721.5265,576.0,32.2,761.4
2019-08-14 15:00:00,527.30884,32.04361,738.3958,657.0,31.9,730.61
2019-08-14 16:00:00,387.94186,31.669504,716.55707,457.0,31.4,703.51
2019-08-14 17:00:00,214.98668,30.925629,676.9904,240.0,30.9,642.34
2019-08-14 18:00:00,84.604195,30.376646,612.34753,48.0,30.1,618.37
2019-08-14 19:00:00,3.0528574,29.812265,584.8338,1.006074e-06,29.8,601.62
2019-08-14 20:00:00,9.977876,29.575867,590.73627,1.006074e-06,29.6,584.6
2019-08-14 21:00:00,28.799608,29.459543,600.29254,1.006074e-06,29.4,573.91
2019-08-14 22:00:00,21.001696,29.268494,606.18567,1.006074e-06,29.4,629.36
2019-08-14 23:00:00,21.729311,29.29824,641.0015,1.006074e-06,29.2,662.76
2019-08-15 00:00:00,10.703172,29.27605,643.22064,1.006074e-06,29.0,648.76
2019-08-15 01:00:00,-3.1791372,28.971226,587.20575,1.006074e-06,28.8,603.42
2019-08-15 02:00:00,1.7424173,28.78978,534.59204,1.006074e-06,28.7,564.06
2019-08-15 03:00:00,-11.228927,28.531485,493.52716,1.006074e-06,28.6,516.02
2019-08-15 04:00:00,-26.336851,28.471972,461.99194,1.006074e-06,28.4,490.88998
2019-08-15 05:00:00,-11.458266,28.583288,436.84363,1.006074e-06,28.3,461.87
2019-08-15 06:00:00,60.776093,28.964624,425.5281,54.0,29.1,445.2
2019-08-15 07:00:00,234.0785,29.94523,446.68787,192.0,30.0,516.29
2019-08-15 08:00:00,389.1858,30.772373,545.74805,431.0,30.9,562.15
2019-08-15 09:00:00,677.5662,31.673964,606.8965,305.0,31.5,611.8
2019-08-15 10:00:00,521.29175,31.99753,634.5272,560.0,31.9,715.6
2019-08-15 11:00:00,615.225,32.16569,697.17786,456.0,32.1,741.95
2019-08-15 12:00:00,569.1904,32.17253,735.6507,123.0,32.2,719.92
2019-08-15 13:00:00,363.43542,32.177616,719.0067,454.0,32.1,735.74
2019-08-15 14:00:00,385.98898,31.970518,707.4997,689.0,31.8,759.89
2019-08-15 15:00:00,441.18494,31.6704,726.10046,522.0,31.5,757.12
2019-08-15 16:00:00,314.34198,31.237434,729.21326,236.0,31.1,707.1
2019-08-15 17:00:00,97.15185,30.868864,675.019,62.0,30.6,667.33997
2019-08-15 18:00:00,18.208849,30.443594,616.9708,11.000001,30.1,625.64
2019-08-15 19:00:00,-11.564849,29.954004,596.37476,1.006074e-06,29.9,586.94
2019-08-15 20:00:00,-10.605453,29.776613,590.8598,1.006074e-06,29.7,543.27
2019-08-15 21:00:00,16.417498,29.64508,581.8951,1.006074e-06,29.5,533.89
2019-08-15 22:00:00,22.50197,29.476568,588.50226,1.006074e-06,29.3,564.95
2019-08-15 23:00:00,-2.6868582,29.291002,610.1193,1.006074e-06,29.1,603.8
2019-08-16 00:00:00,-20.434202,29.21609,605.89526,1.006074e-06,29.0,573.73
2019-08-16 01:00:00,-23.155455,29.05777,548.60175,1.006074e-06,28.8,546.0
2019-08-16 02:00:00,-3.714034,28.73984,495.88235,1.006074e-06,28.7,508.97
2019-08-16 03:00:00,-28.39871,28.613317,460.78595,1.006074e-06,28.6,487.02
2019-08-16 04:00:00,-25.127806,28.495825,445.16284,1.006074e-06,28.5,460.8
2019-08-16 05:00:00,44.253067,28.615744,428.1034,1.006074e-06,28.5,445.72
2019-08-16 06:00:00,94.32648,28.864359,429.59946,21.000002,28.9,431.04
2019-08-16 07:00:00,179.92847,29.48138,439.50558,199.0,29.3,431.93
2019-08-16 08:00:00,417.67874,29.95153,465.46252,400.0,30.0,500.12
2019-08-16 09:00:00,617.2852,30.670092,555.8404,349.0,30.7,532.39
2019-08-16 10:00:00,550.0197,31.134352,589.10266,645.0,31.1,614.93
2019-08-16 11:00:00,726.1224,31.377878,640.8566,540.0,31.3,638.86
2019-08-16 12:00:00,557.94916,31.627184,657.20984,640.0,31.4,613.67
2019-08-16 13:00:00,593.08655,31.473251,650.43384,759.00006,31.4,650.83
2019-08-16 14:00:00,585.6237,31.336567,652.0876,691.00006,31.2,671.32
2019-08-16 15:00:00,509.21115,31.02917,668.21594,398.0,30.9,683.72003
2019-08-16 16:00:00,279.64288,30.848047,657.93756,296.0,30.7,666.37
2019-08-16 17:00:00,144.59874,30.519121,627.88306,224.0,30.3,628.43
2019-08-16 18:00:00,89.57655,30.067982,591.99054,39.0,29.8,603.15
2019-08-16 19:00:00,-16.867643,29.732239,568.9852,1.006074e-06,29.6,588.6
2019-08-16 20:00:00,-20.277235,29.527544,573.4663,1.006074e-06,29.4,536.45
2019-08-16 21:00:00,8.550981,29.375841,552.0755,1.006074e-06,29.2,534.78
2019-08-16 22:00:00,2.6251383,29.123438,559.9295,1.006074e-06,29.0,544.37
2019-08-16 23:00:00,-3.6994925,28.95057,567.9642,1.006074e-06,28.8,617.31
2019-08-17 00:00:00,-10.855849,28.989109,592.8388,1.006074e-06,28.7,593.37
2019-08-17 01:00:00,-2.974471,28.749863,556.7056,1.006074e-06,28.6,542.15
2019-08-17 02:00:00,2.987153,28.717253,498.96545,1.006074e-06,28.5,509.47
2019-08-17 03:00:00,-17.771788,28.49041,463.435,1.006074e-06,28.5,467.5
2019-08-17 04:00:00,2.3755045,28.452,433.0733,1.006074e-06,28.5,445.97
2019-08-17 05:00:00,16.80681,28.637255,412.9112,1.006074e-06,28.6,435.67
2019-08-17 06:00:00,47.65249,29.157274,406.40445,33.0,29.2,390.12
2019-08-17 07:00:00,201.15688,30.083496,399.6505,234.0,29.7,410.21
2019-08-17 08:00:00,423.51593,30.538712,448.42804,407.0,30.4,454.01
2019-08-17 09:00:00,604.8583,31.07053,508.2495,484.0,31.0,461.45
2019-08-17 10:00:00,677.871,31.477873,510.0857,784.00006,31.4,471.76
2019-08-17 11:00:00,857.9646,31.794594,513.7156,888.00006,31.6,493.37
2019-08-17 12:00:00,894.9681,31.885141,532.37384,914.0,31.699999,509.93
2019-08-17 13:00:00,848.48553,31.735565,545.8641,872.0,31.699999,547.36
2019-08-17 14:00:00,730.7091,31.688755,565.2739,782.00006,31.5,535.02
2019-08-17 15:00:00,584.22095,31.556126,578.1921,448.0,31.2,526.11
2019-08-17 16:00:00,332.80496,31.106108,555.3659,370.0,30.8,524.7
2019-08-17 17:00:00,174.40813,30.447353,530.5652,126.0,30.2,529.9
2019-08-17 18:00:00,40.778244,29.869757,523.05817,31.000002,29.6,467.23
2019-08-17 19:00:00,-13.98471,29.433844,483.01187,1.006074e-06,29.3,492.0
2019-08-17 20:00:00,-14.566695,29.186096,508.9024,1.006074e-06,29.1,490.01
2019-08-17 21:00:00,0.46980387,29.066133,521.12134,1.006074e-06,29.0,512.18
2019-08-17 22:00:00,6.1920633,28.944954,543.4596,1.006074e-06,28.8,548.12
2019-08-17 23:00:00,0.29583842,28.780865,569.04706,1.006074e-06,28.5,575.01
2019-08-18 00:00:00,0.54501444,28.526728,568.3197,1.006074e-06,28.3,574.35
2019-08-18 01:00:00,11.457871,28.229681,537.06006,1.006074e-06,28.1,549.15
2019-08-18 02:00:00,-16.370329,28.014471,506.51077,1.006074e-06,27.9,500.73
2019-08-18 03:00:00,-27.208433,27.802818,461.4414,1.006074e-06,27.8,474.58002
2019-08-18 04:00:00,-22.35269,27.782858,429.52515,1.006074e-06,27.7,448.23
2019-08-18 05:00:00,-11.681869,27.923275,408.9165,1.006074e-06,27.8,429.23
2019-08-18 06:00:00,54.26803,28.500683,390.80103,49.0,28.5,409.87
2019-08-18 07:00:00,187.95406,29.354986,400.1266,237.0,29.2,412.16
2019-08-18 08:00:00,372.88522,30.06335,422.02994,445.0,30.2,423.37
2019-08-18 09:00:00,577.56555,30.973595,445.6578,632.0,30.7,428.80002
2019-08-18 10:00:00,760.86975,31.359482,444.06403,427.0,30.7,446.04
2019-08-18 11:00:00,587.61017,31.093401,446.7575,547.0,30.6,464.09
2019-08-18 12:00:00,590.3257,30.468689,445.55994,74.0,30.3,491.2
2019-08-18 13:00:00,356.58844,30.391186,479.759,360.0,30.1,511.51
2019-08-18 14:00:00,307.9739,29.963455,485.34778,225.0,29.9,523.4
2019-08-18 15:00:00,279.54095,29.899305,511.26694,222.0,29.6,527.55
2019-08-18 16:00:00,181.32014,29.46576,504.7572,185.0,29.2,525.97
2019-08-18 17:00:00,111.74011,28.86524,499.40567,55.0,28.9,526.03
2019-08-18 18:00:00,18.171785,28.551023,493.19382,16.000002,28.5,507.15
2019-08-18 19:00:00,-12.59677,28.380587,492.96487,1.006074e-06,28.3,512.07
2019-08-18 20:00:00,-1.4938955,28.33079,509.5151,1.006074e-06,28.1,521.25
2019-08-18 21:00:00,-4.1806173,28.257093,540.907,1.006074e-06,28.0,550.77
2019-08-18 22:00:00,5.050462,28.16442,571.68353,1.006074e-06,27.9,580.38
2019-08-18 23:00:00,2.9937906,27.909182,592.0076,1.006074e-06,27.8,615.16
2019-08-19 00:00:00,33.305557,27.543438,594.61145,1.006074e-06,27.7,606.97
2019-08-19 01:00:00,12.518281,27.472715,555.38257,1.006074e-06,27.6,561.73
2019-08-19 02:00:00,15.822572,27.339392,507.0151,1.006074e-06,27.6,522.5
2019-08-19 03:00:00,11.421189,27.579191,474.02164,1.006074e-06,27.6,480.28
2019-08-19 04:00:00,11.619538,27.599495,459.154,1.006074e-06,27.6,455.54
2019-08-19 05:00:00,27.925173,27.747698,434.45047,1.006074e-06,27.6,438.01
2019-08-19 06:00:00,47.127625,27.96346,431.01416,31.000002,27.9,421.9
2019-08-19 07:00:00,109.45683,28.234879,428.45923,148.0,28.2,439.56
2019-08-19 08:00:00,246.4931,28.475939,475.13077,118.0,28.6,516.52
2019-08-19 09:00:00,205.35959,28.8018,546.88403,390.0,28.9,611.12
2019-08-19 10:00:00,468.55804,29.261255,641.06024,564.0,29.0,670.74
2019-08-19 11:00:00,577.1988,29.38186,689.6726,622.0,29.0,695.86
2019-08-19 12:00:00,566.9642,29.267576,704.9214,627.0,28.9,696.0
2019-08-19 13:00:00,514.3441,29.015047,702.63214,687.00006,28.8,710.84
2019-08-19 14:00:00,488.94818,28.908724,700.5764,384.0,28.6,717.06
2019-08-19 15:00:00,325.5728,28.630402,708.02155,229.0,28.5,714.76
2019-08-19 16:00:00,166.26692,28.44381,677.967,24.000002,28.3,686.27997
2019-08-19 17:00:00,3.4692087,28.273716,656.14453,59.0,28.1,667.33
2019-08-19 18:00:00,-6.4944143,27.884472,643.2477,19.000002,27.9,632.88
2019-08-19 19:00:00,-22.617674,27.717813,621.7494,1.006074e-06,27.9,609.65
2019-08-19 20:00:00,-21.123045,27.779118,603.8778,1.006074e-06,27.9,593.86
2019-08-19 21:00:00,-8.13359,27.76904,597.799,1.006074e-06,27.9,593.9
2019-08-19 22:00:00,-4.949065,27.710407,606.23834,1.006074e-06,27.8,610.09
2019-08-19 23:00:00,-15.665114,27.66108,616.9448,1.006074e-06,27.7,623.57
2019-08-20 00:00:00,-3.883544,27.5128,601.1254,1.006074e-06,27.6,620.72003
2019-08-20 01:00:00,7.853669,27.455462,567.5264,1.006074e-06,27.4,574.62
2019-08-20 02:00:00,-14.695083,27.31718,521.8098,1.006074e-06,27.3,529.71
2019-08-20 03:00:00,-3.7013998,27.156815,483.6288,1.006074e-06,27.2,490.25
2019-08-20 04:00:00,6.9695597,27.148676,452.83087,1.006074e-06,27.2,464.77
2019-08-20 05:00:00,14.599366,27.238682,432.99442,1.006074e-06,27.2,443.88
2019-08-20 06:00:00,54.714508,27.581013,423.063,36.0,27.8,424.75
2019-08-20 07:00:00,150.78624,28.322084,430.40024,158.0,28.3,441.30002
2019-08-20 08:00:00,265.9892,28.859617,478.75372,412.0,28.8,509.06
2019-08-20 09:00:00,556.19434,29.047602,580.5611,651.0,29.2,608.57
2019-08-20 10:00:00,745.3739,29.413763,659.08344,136.0,29.4,662.02
2019-08-20 11:00:00,354.7878,29.61164,656.0244,368.0,29.6,682.63
2019-08-20 12:00:00,421.02206,29.53995,685.17975,761.00006,29.5,690.27997
2019-08-20 13:00:00,557.5488,29.651466,707.00073,421.0,29.3,703.95
2019-08-20 14:00:00,424.21176,29.188143,714.397,230.0,29.2,716.86
2019-08-20 15:00:00,214.16606,28.9891,692.95483,515.0,29.0,710.94
2019-08-20 16:00:00,276.3014,29.016418,697.94354,318.0,28.7,693.52997
2019-08-20 17:00:00,169.92354,28.405619,676.915,94.0,28.5,664.51
2019-08-20 18:00:00,6.214097,28.23864,628.0188,23.000002,28.2,629.25
2019-08-20 19:00:00,5.8644266,28.096476,597.44556,1.006074e-06,28.0,606.06
2019-08-20 20:00:00,9.065309,28.002245,597.5652,1.006074e-06,28.0,588.49
2019-08-20 21:00:00,3.5263376,27.938578,601.3085,1.006074e-06,27.9,591.58
2019-08-20 22:00:00,4.0896616,27.857157,603.82056,1.006074e-06,27.9,605.24
2019-08-20 23:00:00,12.853852,27.733393,613.9923,1.006074e-06,27.7,606.65
2019-08-21 00:00:00,-5.935897,27.676453,601.2448,1.006074e-06,27.6,588.03
2019-08-21 01:00:00,1.0201883,27.627157,548.1362,1.006074e-06,27.5,554.26
2019-08-21 02:00:00,12.4068,27.475044,511.05048,1.006074e-06,27.3,512.84
2019-08-21 03:00:00,30.608583,27.162388,471.16013,1.006074e-06,27.3,473.25
2019-08-21 04:00:00,-2.7487173,27.187954,440.36307,1.006074e-06,27.2,450.68
2019-08-21 05:00:00,-2.94374,27.218422,418.50256,1.006074e-06,27.3,430.44
2019-08-21 06:00:00,79.14191,27.826265,405.96533,19.000002,27.9,409.51
2019-08-21 07:00:00,179.20334,28.579336,421.35214,236.0,28.3,428.85
2019-08-21 08:00:00,480.871,28.95344,493.54437,381.0,28.4,513.3
2019-08-21 09:00:00,593.47516,28.597172,582.1092,595.0,28.6,601.16
2019-08-21 10:00:00,614.20953,28.89877,634.2464,689.0,28.7,673.35
2019-08-21 11:00:00,662.71,28.916613,694.1585,791.0,28.8,691.69
2019-08-21 12:00:00,721.28625,28.811602,721.09973,338.0,28.8,701.78
2019-08-21 13:00:00,421.02267,29.06597,706.7514,704.0,28.9,713.83
2019-08-21 14:00:00,522.35596,29.102179,713.0636,223.0,28.8,729.39
2019-08-21 15:00:00,357.61075,28.79134,726.4688,482.0,28.8,721.83
2019-08-21 16:00:00,275.9152,28.727495,701.66974,400.0,28.7,706.08
2019-08-21 17:00:00,219.25548,28.429628,680.20374,195.0,28.5,668.35
2019-08-21 18:00:00,70.81517,28.32657,629.7193,21.999987,28.2,632.7
2019-08-21 19:00:00,-13.929854,28.102215,596.6785,1.006074e-06,28.3,615.57
2019-08-21 20:00:00,-0.41950887,28.14938,590.8745,1.006074e-06,28.3,593.51
2019-08-21 21:00:00,4.919343,28.1643,595.1546,1.006074e-06,28.3,587.54
2019-08-21 22:00:00,7.629655,28.084728,599.9701,1.006074e-06,28.2,609.89
2019-08-21 23:00:00,0.77627665,27.971203,617.4038,1.006074e-06,28.2,632.72003
2019-08-22 00:00:00,6.0543985,28.054914,614.03,1.006074e-06,28.2,620.87
2019-08-22 01:00:00,-6.0141745,28.181149,569.13684,1.006074e-06,28.2,580.45
2019-08-22 02:00:00,3.3373728,28.21479,527.87946,1.006074e-06,28.1,532.36
2019-08-22 03:00:00,-3.4933615,28.087685,479.78815,1.006074e-06,28.1,489.49
2019-08-22 04:00:00,-8.03012,27.959057,452.02426,1.006074e-06,28.1,464.05
2019-08-22 05:00:00,1.5708475,28.139626,423.82382,1.006074e-06,28.1,445.86
2019-08-22 06:00:00,44.138275,28.550201,419.75876,48.0,28.7,424.88
2019-08-22 07:00:00,199.11168,29.341722,427.8704,242.0,29.6,448.19
2019-08-22 08:00:00,476.70343,30.205105,498.25162,459.0,30.1,526.87
2019-08-22 09:00:00,657.14856,30.565033,588.4929,659.0,30.5,620.73
2019-08-22 10:00:00,811.6293,30.787525,670.0177,816.00006,30.9,680.85
2019-08-22 11:00:00,825.6465,30.958523,718.89954,935.0,31.0,677.67
2019-08-22 12:00:00,891.4018,31.058956,716.4412,963.00006,31.1,684.55
2019-08-22 13:00:00,810.63165,30.93698,723.8559,922.00006,31.0,708.65
2019-08-22 14:00:00,710.3272,31.09166,728.05426,818.00006,30.7,735.14
2019-08-22 15:00:00,602.9819,30.644258,740.55194,305.0,30.3,722.17
2019-08-22 16:00:00,293.46478,30.043434,706.8691,449.0,29.8,708.08
2019-08-22 17:00:00,204.9948,29.233633,679.51715,228.0,29.4,662.0
2019-08-22 18:00:00,89.346985,28.908081,638.5602,37.0,28.9,615.14
2019-08-22 19:00:00,-4.088485,28.651144,601.15265,1.006074e-06,28.8,555.56
2019-08-22 20:00:00,4.994981,28.549786,569.6742,1.006074e-06,28.8,505.14
2019-08-22 21:00:00,26.762453,28.568872,553.31354,1.006074e-06,28.7,513.61
2019-08-22 22:00:00,21.807497,28.438877,564.1766,1.006074e-06,28.7,523.12
2019-08-22 23:00:00,13.719422,28.36528,569.35364,1.006074e-06,28.6,525.68
2019-08-23 00:00:00,6.4755716,28.38834,547.9161,1.006074e-06,28.4,516.65
2019-08-23 01:00:00,10.342607,28.261559,501.55728,1.006074e-06,28.1,485.83
2019-08-23 02:00:00,-2.5437613,28.014061,459.33914,1.006074e-06,28.0,439.58002
2019-08-23 03:00:00,-6.6348715,27.90819,420.3408,1.006074e-06,28.0,445.09
2019-08-23 04:00:00,27.266466,28.029316,419.61545,1.006074e-06,28.0,422.94
2019-08-23 05:00:00,33.25699,28.241854,407.9281,1.006074e-06,28.0,420.13
2019-08-23 06:00:00,82.160515,28.672413,406.22748,54.0,28.9,404.67
2019-08-23 07:00:00,241.44533,29.681786,430.35803,252.0,29.5,424.80002
2019-08-23 08:00:00,480.0554,30.300785,481.46387,471.0,30.0,484.71
2019-08-23 09:00:00,666.7877,30.599821,548.26135,670.0,30.5,532.02
2019-08-23 10:00:00,794.341,30.82032,577.8406,826.0,30.8,615.81
2019-08-23 11:00:00,854.9188,31.057287,636.89545,931.0,30.9,640.16
2019-08-23 12:00:00,823.98944,31.006557,664.2821,960.0,31.0,610.17
2019-08-23 13:00:00,813.23535,30.89274,656.8949,918.0,30.9,601.16
2019-08-23 14:00:00,675.56903,30.762207,640.975,195.0,30.7,619.58
2019-08-23 15:00:00,340.0061,30.502092,636.1559,648.0,30.4,641.74
2019-08-23 16:00:00,339.86877,30.41726,646.4918,200.0,30.0,627.81
2019-08-23 17:00:00,154.292,29.873066,631.497,222.0,29.6,605.39
2019-08-23 18:00:00,80.78568,29.345114,584.3387,34.0,29.2,572.21
2019-08-23 19:00:00,15.71042,29.095964,552.4319,1.006074e-06,29.0,546.25
2019-08-23 20:00:00,7.626542,29.031507,540.5761,1.006074e-06,29.0,525.54
2019-08-23 21:00:00,10.714677,29.004492,538.8697,1.006074e-06,29.0,520.51
2019-08-23 22:00:00,16.590456,28.959764,535.8331,1.006074e-06,28.9,539.11
2019-08-23 23:00:00,12.350465,28.834063,552.24554,1.006074e-06,28.8,574.16
2019-08-24 00:00:00,5.9855814,28.723072,551.8746,1.006074e-06,28.7,575.98
2019-08-24 01:00:00,1.4574289,28.721945,520.2508,1.006074e-06,28.6,545.22
2019-08-24 02:00:00,4.6932383,28.716167,489.8967,1.006074e-06,28.5,508.83
2019-08-24 03:00:00,7.307481,28.514807,459.9852,1.006074e-06,28.6,475.2
2019-08-24 04:00:00,-1.4981527,28.583645,441.4444,1.006074e-06,28.6,447.73
2019-08-24 05:00:00,21.778719,28.823675,413.30945,1.006074e-06,28.7,430.07
2019-08-24 06:00:00,73.04611,29.281239,406.6794,45.0,28.9,414.02
2019-08-24 07:00:00,197.74812,29.694365,412.17096,228.0,29.1,421.07
2019-08-24 08:00:00,354.5903,29.67341,453.38068,381.0,29.4,443.69
2019-08-24 09:00:00,522.18085,29.759418,484.60245,599.0,29.8,459.08
2019-08-24 10:00:00,739.54974,30.030676,492.71783,381.0,30.0,483.24
2019-08-24 11:00:00,473.4669,30.124699,491.7564,580.0,30.1,506.17
2019-08-24 12:00:00,599.3707,30.007662,515.7542,795.00006,30.2,509.95
2019-08-24 13:00:00,656.75555,30.062916,542.84766,578.0,30.1,531.15
2019-08-24 14:00:00,537.1964,30.16506,540.91327,536.0,30.0,532.66
2019-08-24 15:00:00,412.6481,29.879372,537.4292,330.0,29.8,537.22
2019-08-24 16:00:00,279.84122,29.744072,537.6066,213.0,29.6,528.46
2019-08-24 17:00:00,112.36124,29.52753,525.46796,80.0,29.4,516.6
2019-08-24 18:00:00,2.8624887,29.205935,505.26556,15.000001,29.2,496.21
2019-08-24 19:00:00,-17.568357,29.103704,494.10718,1.006074e-06,29.1,494.35
2019-08-24 20:00:00,-17.308119,29.086796,506.97534,1.006074e-06,29.1,499.47
2019-08-24 21:00:00,-11.785277,29.068977,520.5794,1.006074e-06,29.0,512.18
2019-08-24 22:00:00,-14.064513,28.977282,535.96014,1.006074e-06,29.0,548.12
2019-08-24 23:00:00,-9.8853445,28.967627,560.6105,1.006074e-06,29.0,575.01
2019-08-25 00:00:00,-6.035079,28.954523,574.7914,1.006074e-06,29.0,574.35
2019-08-25 01:00:00,3.3010569,29.035297,547.366,1.006074e-06,28.9,549.15
2019-08-25 02:00:00,-19.607557,29.037338,519.74945,1.006074e-06,28.9,500.73
2019-08-25 03:00:00,-8.356734,28.881758,468.837,1.006074e-06,28.9,474.58002
2019-08-25 04:00:00,-4.2708883,28.979984,442.642,1.006074e-06,28.7,448.23
2019-08-25 05:00:00,-3.5619955,28.806637,417.9169,1.006074e-06,28.5,429.23
2019-08-25 06:00:00,54.1304,28.959665,399.67694,49.0,28.9,409.87
2019-08-25 07:00:00,146.2412,29.431297,400.89105,143.0,29.4,412.16
2019-08-25 08:00:00,297.16486,29.957478,425.66766,266.0,30.1,423.37
2019-08-25 09:00:00,447.72635,30.63909,454.27927,483.0,30.7,428.80002
2019-08-25 10:00:00,612.9685,31.149809,456.1029,455.0,31.0,446.04
2019-08-25 11:00:00,570.99207,31.278692,453.53122,494.0,31.0,464.09
2019-08-25 12:00:00,578.6098,30.947138,457.2236,741.00006,30.8,491.2
2019-08-25 13:00:00,681.4219,30.460947,487.89435,606.0,30.8,511.51
2019-08-25 14:00:00,547.7352,30.49913,512.9733,706.0,30.7,523.4
2019-08-25 15:00:00,527.916,30.388523,536.2888,505.0,30.5,527.55
2019-08-25 16:00:00,359.36636,30.26727,534.43976,392.0,30.1,525.97
2019-08-25 17:00:00,201.37213,29.60916,510.45657,204.0,29.7,526.03
2019-08-25 18:00:00,69.16981,29.196728,502.3152,23.000002,29.3,507.15
2019-08-25 19:00:00,-14.999099,28.981256,492.4626,1.006074e-06,29.1,512.07
2019-08-25 20:00:00,-19.74298,28.965816,513.4071,1.006074e-06,29.0,521.25
2019-08-25 21:00:00,-10.340743,28.958614,537.6322,1.006074e-06,28.9,550.77
2019-08-25 22:00:00,-9.937057,28.935017,566.3055,1.006074e-06,28.9,580.38
2019-08-25 23:00:00,-1.358779,28.89001,587.7703,1.006074e-06,28.8,615.16
2019-08-26 00:00:00,-12.668075,28.908285,603.2651,1.006074e-06,28.7,606.97
2019-08-26 01:00:00,4.5247355,28.778345,565.60126,1.006074e-06,28.6,561.73
2019-08-26 02:00:00,-1.3654318,28.735527,509.64636,1.006074e-06,28.5,522.5
2019-08-26 03:00:00,-9.037581,28.490839,471.1348,1.006074e-06,28.4,480.28
2019-08-26 04:00:00,-18.63928,28.447092,447.08035,1.006074e-06,28.3,455.54
2019-08-26 05:00:00,-5.0698843,28.40427,430.32855,1.006074e-06,28.2,438.01
2019-08-26 06:00:00,42.53325,28.642662,421.914,48.0,28.7,421.9
2019-08-26 07:00:00,134.07632,29.303024,429.00613,226.0,29.3,439.56
2019-08-26 08:00:00,353.27118,30.002228,476.31723,413.0,29.9,516.52
2019-08-26 09:00:00,606.16815,30.525896,567.1223,632.0,30.2,611.12
2019-08-26 10:00:00,715.8679,30.720278,641.88776,736.00006,30.3,670.74
2019-08-26 11:00:00,770.18317,30.690004,695.41473,846.00006,30.4,695.86
2019-08-26 12:00:00,802.8465,30.572775,720.5546,571.0,30.6,696.0
2019-08-26 13:00:00,603.0097,30.790596,716.4026,398.0,30.8,710.84
2019-08-26 14:00:00,439.2303,30.907795,712.4901,796.00006,30.7,717.06
2019-08-26 15:00:00,504.0653,30.956427,721.61176,631.0,30.5,714.76
2019-08-26 16:00:00,411.74814,30.41827,718.97235,428.0,30.1,686.27997
2019-08-26 17:00:00,189.36317,29.713379,668.05426,207.0,29.7,667.33
2019-08-26 18:00:00,68.365204,29.312376,625.7202,25.000002,29.3,632.88
2019-08-26 19:00:00,-4.560622,29.121265,609.4115,1.006074e-06,29.1,609.65
2019-08-26 20:00:00,-15.696898,28.975166,607.88745,1.006074e-06,29.0,593.86
2019-08-26 21:00:00,2.6952677,28.885609,613.375,1.006074e-06,28.9,593.9
2019-08-26 22:00:00,15.028031,28.79458,629.2145,1.006074e-06,28.8,610.09
2019-08-26 23:00:00,4.727891,28.732658,639.9377,1.006074e-06,28.6,623.57
2019-08-27 00:00:00,-0.06716818,28.566063,614.5591,1.006074e-06,28.4,620.72003
2019-08-27 01:00:00,8.217622,28.328447,568.4432,1.006074e-06,28.3,574.62
2019-08-27 02:00:00,-6.438964,28.185358,514.4765,1.006074e-06,28.1,529.71
2019-08-27 03:00:00,-12.380721,28.0029,471.0895,1.006074e-06,28.0,490.25
2019-08-27 04:00:00,-15.746169,27.935728,441.1378,1.006074e-06,27.9,464.77
2019-08-27 05:00:00,16.633059,28.018797,425.23993,1.006074e-06,27.7,443.88
2019-08-27 06:00:00,64.83043,28.247223,415.68842,54.0,28.4,424.75
2019-08-27 07:00:00,201.04417,29.0004,428.15704,262.0,29.0,441.30002
2019-08-27 08:00:00,476.20767,29.673672,476.3447,490.0,29.8,509.06
2019-08-27 09:00:00,733.1997,30.44493,569.7692,692.00006,30.4,608.57
2019-08-27 10:00:00,841.4008,30.81247,656.3448,847.0,30.8,662.02
2019-08-27 11:00:00,937.2994,31.014923,703.8073,947.00006,31.0,682.63
2019-08-27 12:00:00,888.7871,31.211985,710.61847,973.0,31.1,690.27997
2019-08-27 13:00:00,852.22217,31.33798,712.31726,929.00006,30.9,703.95
2019-08-27 14:00:00,761.0586,30.906504,719.0503,822.00006,30.6,716.86
2019-08-27 15:00:00,613.3458,30.49561,722.17487,655.0,30.2,710.94
2019-08-27 16:00:00,421.2487,29.94787,704.5296,447.0,29.8,693.52997
2019-08-27 17:00:00,211.2945,29.350012,663.3871,223.0,29.2,664.51
2019-08-27 18:00:00,75.82533,28.805042,626.85114,30.000002,28.6,629.25
2019-08-27 19:00:00,4.5405283,28.35425,603.29364,1.006074e-06,28.4,606.06
2019-08-27 20:00:00,7.302369,28.22268,600.6921,1.006074e-06,28.3,588.49
2019-08-27 21:00:00,23.327517,28.182299,605.08575,1.006074e-06,28.2,591.58
2019-08-27 22:00:00,26.431856,28.096148,615.57,1.006074e-06,28.1,605.24
2019-08-27 23:00:00,19.018267,27.961782,625.90546,1.006074e-06,28.1,606.65
2019-08-28 00:00:00,6.0754557,27.981716,603.4684,1.006074e-06,28.0,588.03
2019-08-28 01:00:00,9.776216,27.888832,549.2924,1.006074e-06,28.0,554.26
2019-08-28 02:00:00,8.194459,27.905825,503.45764,1.006074e-06,27.9,512.84
2019-08-28 03:00:00,-2.7022848,27.854773,467.3936,1.006074e-06,27.8,473.25
2019-08-28 04:00:00,-3.8964834,27.768822,440.42468,1.006074e-06,27.8,450.68
2019-08-28 05:00:00,17.423952,27.952,422.39984,1.006074e-06,27.8,430.44
2019-08-28 06:00:00,70.19215,28.454126,415.43164,51.0,28.5,409.51
2019-08-28 07:00:00,222.64194,29.324078,427.69113,254.0,29.2,428.85
2019-08-28 08:00:00,457.51184,30.068039,480.9371,477.0,29.9,513.3
2019-08-28 09:00:00,664.4308,30.528515,576.9505,677.0,30.5,601.16
2019-08-28 10:00:00,798.9531,30.897701,650.64246,832.0,30.9,673.35
2019-08-28 11:00:00,864.39606,31.147346,704.0988,933.0,31.2,691.69
2019-08-28 12:00:00,877.9792,31.269457,723.663,963.00006,31.3,701.78
2019-08-28 13:00:00,829.3912,31.28162,729.0769,922.00006,31.3,713.83
2019-08-28 14:00:00,732.84607,31.16743,730.7218,813.0,31.2,729.39
2019-08-28 15:00:00,604.2979,30.96956,737.3151,647.0,31.0,721.83
2019-08-28 16:00:00,415.24866,30.684803,718.92334,440.0,30.6,706.08
2019-08-28 17:00:00,208.16374,30.058195,677.7264,215.0,29.9,668.35
2019-08-28 18:00:00,69.06874,29.368916,632.3965,27.000002,29.3,632.7
2019-08-28 19:00:00,-4.3672934,28.88099,607.65497,1.006074e-06,29.0,615.57
2019-08-28 20:00:00,1.8565531,28.695469,608.26154,1.006074e-06,28.9,593.51
2019-08-28 21:00:00,17.926058,28.65189,611.3027,1.006074e-06,28.8,587.54
2019-08-28 22:00:00,19.886858,28.587765,616.4767,1.006074e-06,28.7,609.89
2019-08-28 23:00:00,14.921296,28.498745,629.9024,1.006074e-06,28.6,632.72003
2019-08-29 00:00:00,5.452424,28.48798,621.74097,1.006074e-06,28.5,620.87
2019-08-29 01:00:00,5.687913,28.381214,572.77563,1.006074e-06,28.4,580.45
2019-08-29 02:00:00,-1.1105185,28.325607,522.92566,1.006074e-06,28.3,532.36
2019-08-29 03:00:00,-12.329055,28.22189,479.95044,1.006074e-06,28.3,489.49
2019-08-29 04:00:00,-14.277526,28.230442,449.6162,1.006074e-06,28.2,464.05
2019-08-29 05:00:00,0.24569803,28.374205,427.0826,1.006074e-06,28.3,445.86
2019-08-29 06:00:00,67.13581,28.93884,420.83344,46.999992,29.0,424.88
2019-08-29 07:00:00,216.06448,29.82835,435.58813,242.0,29.9,448.19
2019-08-29 08:00:00,442.97678,30.762598,494.131,458.0,30.5,526.87
2019-08-29 09:00:00,652.3679,31.177143,584.55304,653.0,30.8,620.73
2019-08-29 10:00:00,765.9054,31.188929,659.4434,504.0,31.2,680.85
2019-08-29 11:00:00,630.8248,31.362638,695.57495,897.0,31.4,712.93
2019-08-29 12:00:00,793.63214,31.520159,723.63385,782.00006,31.6,711.29
2019-08-29 13:00:00,708.46295,31.590197,738.2424,610.0,31.6,720.19
2019-08-29 14:00:00,551.97955,31.472422,728.57544,400.0,31.3,734.67
2019-08-29 15:00:00,386.637,31.07563,722.4009,90.0,30.9,738.14
2019-08-29 16:00:00,173.49931,30.78574,703.0213,53.0,30.5,710.1
2019-08-29 17:00:00,24.536486,30.272596,679.0418,195.0,30.0,656.35
2019-08-29 18:00:00,61.08213,29.540071,637.4775,19.000002,29.5,621.45
2019-08-29 19:00:00,-0.96105856,29.293034,602.7017,1.006074e-06,29.4,586.89
2019-08-29 20:00:00,-1.4582968,29.244888,583.4043,1.006074e-06,29.3,570.84
2019-08-29 21:00:00,11.9649515,29.213173,587.6708,1.006074e-06,29.2,573.42
2019-08-29 22:00:00,14.287873,29.087595,599.9803,1.006074e-06,29.1,587.63
2019-08-29 23:00:00,3.4906778,28.87405,609.4186,1.006074e-06,29.0,598.65
2019-08-30 00:00:00,-5.143111,28.80153,595.06586,1.006074e-06,28.8,593.18
2019-08-30 01:00:00,-1.736022,28.71048,556.8428,1.006074e-06,28.6,571.57
2019-08-30 02:00:00,-3.6095572,28.526905,526.4559,1.006074e-06,28.5,515.51
2019-08-30 03:00:00,9.683808,28.47502,484.6646,1.006074e-06,28.6,481.54
2019-08-30 04:00:00,15.470155,28.64912,459.6935,1.006074e-06,28.5,460.22
2019-08-30 05:00:00,25.997454,28.685644,439.45932,1.006074e-06,28.5,442.73
2019-08-30 06:00:00,69.35428,29.035284,428.77625,42.0,28.8,424.34
2019-08-30 07:00:00,177.72365,29.359043,434.77023,10.000001,29.2,437.61002
2019-08-30 08:00:00,190.75996,29.511978,472.61148,118.0,29.5,493.69
2019-08-30 09:00:00,147.93674,29.619719,535.4359,59.0,29.6,558.35
2019-08-30 10:00:00,110.738304,29.977606,554.0301,94.0,29.5,583.5
2019-08-30 11:00:00,129.06418,29.778067,585.8598,879.00006,29.5,596.8
2019-08-30 12:00:00,533.0833,30.007431,626.74493,730.0,29.4,569.45
2019-08-30 13:00:00,534.599,29.29043,613.39215,80.0,29.3,585.14
2019-08-30 14:00:00,211.70685,29.359873,590.06573,61.0,29.3,579.75
2019-08-30 15:00:00,121.977234,29.42916,561.64984,49.0,29.2,561.62
2019-08-30 16:00:00,129.6884,29.289106,568.1613,74.0,29.1,544.13
2019-08-30 17:00:00,30.090364,29.046993,555.81934,14.000001,28.9,533.64
2019-08-30 18:00:00,8.696153,28.699177,521.9817,4.000001,28.7,502.32
2019-08-30 19:00:00,9.045075,28.694057,498.81238,1.006074e-06,28.5,468.51
2019-08-30 20:00:00,5.9559793,28.60866,477.5189,1.006074e-06,28.4,445.22
2019-08-30 21:00:00,-2.0118551,28.478575,456.84586,1.006074e-06,28.3,420.01
2019-08-30 22:00:00,1.9010172,28.23662,441.11752,1.006074e-06,28.1,424.16
2019-08-30 23:00:00,0.3088084,28.02991,452.63443,1.006074e-06,28.0,429.37
2019-08-31 00:00:00,19.631456,27.954514,446.5428,1.006074e-06,27.9,432.7
2019-08-31 01:00:00,33.22879,27.859718,429.07965,1.006074e-06,27.9,421.94
2019-08-31 02:00:00,72.85162,27.810797,415.1707,1.006074e-06,27.8,414.98
2019-08-31 03:00:00,64.87029,27.59597,406.56155,1.006074e-06,27.7,382.4
2019-08-31 04:00:00,15.686479,27.635149,381.9383,1.006074e-06,27.7,366.03
2019-08-31 05:00:00,42.405243,27.71426,358.9595,1.006074e-06,27.8,361.79
2019-08-31 06:00:00,107.428375,28.105085,358.32782,44.0,28.3,358.94
2019-08-31 07:00:00,168.35341,28.721357,380.28033,242.0,28.7,381.28998
2019-08-31 08:00:00,450.33948,28.761822,427.62408,464.0,29.0,392.65
2019-08-31 09:00:00,573.7489,29.037577,431.97388,666.0,29.3,419.39
2019-08-31 10:00:00,659.1369,29.487547,450.5116,824.00006,29.7,451.81
2019-08-31 11:00:00,829.1657,29.856226,476.6643,926.00006,29.9,497.63998
2019-08-31 12:00:00,877.2453,29.976658,515.88715,955.0,30.0,498.72
2019-08-31 13:00:00,780.9542,30.092108,518.74976,913.0,30.0,505.58
2019-08-31 14:00:00,665.2057,30.029747,526.03503,804.00006,30.0,516.6
2019-08-31 15:00:00,515.68,30.104168,538.4408,637.0,29.8,552.97
2019-08-31 16:00:00,368.01044,29.634716,539.56775,430.0,29.6,522.07
2019-08-31 17:00:00,198.32881,29.403383,509.89288,206.0,29.2,518.95
2019-08-31 18:00:00,79.84211,29.060314,490.8923,21.000002,28.8,498.12
2019-08-31 19:00:00,7.0882273,28.711079,475.93222,1.006074e-06,28.6,488.4
2019-08-31 20:00:00,3.401002,28.579369,478.49786,1.006074e-06,28.5,489.26
2019-08-31 21:00:00,14.098039,28.510191,490.06372,1.006074e-06,28.4,509.61
2019-08-31 22:00:00,20.064745,28.441652,510.17923,1.006074e-06,28.3,554.2
2019-08-31 23:00:00,17.990953,28.333874,542.3257,1.006074e-06,28.3,586.05
