datetime,pred_KW,pred_GHI,pred_OT,true_KW,true_GHI,true_OT
2019-08-01 00:00:00,613.47034,22.504137,28.897139,598.27,1.006074e-06,29.0
2019-08-01 01:00:00,575.8808,18.952166,28.834227,558.85,1.006074e-06,28.9
2019-08-01 02:00:00,532.03455,11.984086,28.710808,522.67,1.006074e-06,28.8
2019-08-01 03:00:00,487.40076,9.854646,28.532005,493.74,1.006074e-06,28.7
2019-08-01 04:00:00,460.8284,5.8785715,28.524126,464.62,1.006074e-06,28.7
2019-08-01 05:00:00,439.1846,24.60689,28.756508,430.15,1.006074e-06,28.7
2019-08-01 06:00:00,421.12442,111.40765,29.180899,406.57,74.0,29.2
2019-08-01 07:00:00,431.3303,257.624,29.822395,424.41,273.0,29.8
2019-08-01 08:00:00,476.6462,475.21243,30.527805,532.13,487.0,30.6
2019-08-01 09:00:00,591.039,699.9352,31.273443,681.93,680.0,30.9
2019-08-01 10:00:00,712.32117,790.3838,31.400515,715.13,832.0,30.9
2019-08-01 11:00:00,752.0962,839.077,31.239536,722.52997,940.0,31.0
2019-08-01 12:00:00,760.44196,848.5278,31.05476,705.2,970.00006,31.1
2019-08-01 13:00:00,755.59955,792.46155,30.976927,722.8,935.0,31.1
2019-08-01 14:00:00,753.71924,704.47894,30.91327,746.88,838.00006,31.0
2019-08-01 15:00:00,755.84607,588.18024,30.828302,772.88,681.0,30.8
2019-08-01 16:00:00,760.1062,444.4461,30.529568,738.84,484.0,30.6
2019-08-01 17:00:00,709.3128,229.47853,30.160366,668.86,268.0,30.2
2019-08-01 18:00:00,637.0453,86.64982,29.654127,633.18,71.0,29.8
2019-08-01 19:00:00,604.03033,13.304383,29.38595,574.52,1.006074e-06,29.6
2019-08-01 20:00:00,579.9032,-1.5987234,29.273432,581.84,1.006074e-06,29.5
2019-08-01 21:00:00,596.49426,19.919878,29.257391,550.53,1.006074e-06,29.5
2019-08-01 22:00:00,593.5995,26.751955,29.212324,561.69,1.006074e-06,29.3
2019-08-01 23:00:00,598.46027,23.67708,29.048548,565.19,1.006074e-06,29.2
2019-08-02 00:00:00,577.2151,-0.065627046,28.973087,584.62,1.006074e-06,29.0
2019-08-02 01:00:00,557.6746,9.279283,28.874886,560.6,1.006074e-06,28.8
2019-08-02 02:00:00,514.67896,6.189561,28.61151,511.13,1.006074e-06,28.7
2019-08-02 03:00:00,473.93185,-2.0555105,28.37354,478.69,1.006074e-06,28.7
2019-08-02 04:00:00,435.77786,1.4325571,28.473728,466.18,1.006074e-06,28.6
2019-08-02 05:00:00,425.01263,18.910707,28.759459,434.36,1.006074e-06,28.6
2019-08-02 06:00:00,411.28516,96.708725,29.219917,430.66,72.0,29.1
2019-08-02 07:00:00,436.62384,282.46536,29.785156,446.17,269.0,29.5
2019-08-02 08:00:00,490.9102,523.09515,30.316254,500.93,484.0,29.8
2019-08-02 09:00:00,555.1412,704.17664,30.491314,592.43,680.0,29.9
2019-08-02 10:00:00,633.484,819.87665,30.401712,639.37,623.0,30.0
2019-08-02 11:00:00,664.63043,720.48,30.375532,625.08,943.00006,30.2
2019-08-02 12:00:00,681.2913,850.5068,30.356417,626.25,780.00006,30.4
2019-08-02 13:00:00,676.3942,723.2754,30.356976,652.2,939.0,30.5
2019-08-02 14:00:00,687.5205,722.3299,30.366787,663.57,854.0,30.6
2019-08-02 15:00:00,684.869,614.1974,30.380426,687.85,696.00006,30.5
2019-08-02 16:00:00,680.7446,478.1463,30.284166,667.57,496.0,30.3
2019-08-02 17:00:00,650.82587,248.12209,30.05594,634.61,276.0,29.8
2019-08-02 18:00:00,593.06104,94.52831,29.393341,592.11,74.0,29.1
2019-08-02 19:00:00,562.4731,15.877824,28.89755,569.23,1.006074e-06,28.9
2019-08-02 20:00:00,559.6582,4.958268,28.767496,535.54,1.006074e-06,28.7
2019-08-02 21:00:00,552.994,11.3490305,28.72222,512.02,1.006074e-06,28.6
2019-08-02 22:00:00,551.0747,21.193666,28.60019,538.72,1.006074e-06,28.6
2019-08-02 23:00:00,567.26544,21.603807,28.52102,577.11,1.006074e-06,28.5
2019-08-03 00:00:00,574.25214,3.8124094,28.470835,590.67,1.006074e-06,28.4
2019-08-03 01:00:00,549.9269,-2.0162039,28.430746,554.89,1.006074e-06,28.3
2019-08-03 02:00:00,513.19257,-4.130355,28.233183,497.68,1.006074e-06,28.2
2019-08-03 03:00:00,460.3467,-9.09088,28.014029,465.08002,1.006074e-06,28.1
2019-08-03 04:00:00,427.4393,-24.197493,27.95799,454.73,1.006074e-06,28.1
2019-08-03 05:00:00,411.7753,17.979753,28.297787,437.73,1.006074e-06,28.2
2019-08-03 06:00:00,407.12656,88.29279,28.92904,417.81,68.0,28.8
2019-08-03 07:00:00,416.4506,243.52603,29.676296,443.36,263.0,29.2
2019-08-03 08:00:00,472.07825,527.9117,30.16412,457.63,476.0,29.6
2019-08-03 09:00:00,510.72113,694.1565,30.351088,454.38,670.0,30.0
2019-08-03 10:00:00,507.8596,790.9989,30.497341,450.52,823.00006,30.3
2019-08-03 11:00:00,508.41785,920.58264,30.444979,480.08002,941.00006,30.5
2019-08-03 12:00:00,524.31476,913.70154,30.635056,506.37,971.00006,30.5
2019-08-03 13:00:00,543.8094,872.7846,30.560066,520.24,935.0,30.6
2019-08-03 14:00:00,555.21594,769.5436,30.505445,496.85,840.00006,30.6
2019-08-03 15:00:00,546.03015,632.6449,30.259384,530.61,685.0,30.4
2019-08-03 16:00:00,550.66125,465.74304,29.9774,536.14,490.0,30.2
2019-08-03 17:00:00,544.52185,253.39447,29.709309,501.99,271.0,29.8
2019-08-03 18:00:00,509.67175,94.22913,29.251865,484.76,71.0,29.4
2019-08-03 19:00:00,494.196,15.329057,29.014101,469.04,1.006074e-06,29.3
2019-08-03 20:00:00,495.2982,1.1495218,29.0105,459.68,1.006074e-06,29.2
2019-08-03 21:00:00,502.1649,9.035264,29.00374,469.74,1.006074e-06,29.1
2019-08-03 22:00:00,517.2745,16.296389,28.90635,507.32,1.006074e-06,29.1
2019-08-03 23:00:00,542.8355,19.592577,28.806946,547.06,1.006074e-06,29.1
2019-08-04 00:00:00,546.45483,-2.5900412,28.82503,551.35,1.006074e-06,29.1
2019-08-04 01:00:00,523.11334,-5.0642843,28.865713,545.59,1.006074e-06,29.1
2019-08-04 02:00:00,504.10233,4.5804453,28.906353,511.98,1.006074e-06,29.1
2019-08-04 03:00:00,478.18506,-3.6620474,28.9995,490.67,1.006074e-06,29.1
2019-08-04 04:00:00,453.70273,4.589082,29.041576,462.22,1.006074e-06,29.1
2019-08-04 05:00:00,431.72244,35.688797,29.226248,449.45,1.006074e-06,29.1
2019-08-04 06:00:00,417.3146,107.95342,29.593262,424.26,72.0,29.5
2019-08-04 07:00:00,416.3164,226.8166,30.151295,413.24,272.0,29.9
2019-08-04 08:00:00,431.10577,425.2498,30.644968,430.02,487.0,30.5
2019-08-04 09:00:00,447.94315,642.915,31.21974,450.73,681.0,30.9
2019-08-04 10:00:00,467.71643,812.6001,31.48584,440.31,627.0,31.2
2019-08-04 11:00:00,456.9109,745.50507,31.469118,433.41,944.00006,31.5
2019-08-04 12:00:00,462.6247,885.25336,31.641872,465.38,759.00006,31.6
2019-08-04 13:00:00,475.3699,715.8845,31.613358,504.54,661.0,31.6
2019-08-04 14:00:00,494.211,588.63214,31.63671,496.63,837.00006,31.4
2019-08-04 15:00:00,508.4234,584.2746,31.208052,503.33,683.0,31.3
2019-08-04 16:00:00,522.4926,495.7457,30.782701,502.4,375.0,31.0
2019-08-04 17:00:00,504.65894,223.40407,30.56258,490.28,242.0,30.5
2019-08-04 18:00:00,476.06125,74.407104,29.98233,448.11002,71.0,29.9
2019-08-04 19:00:00,458.90793,14.7786875,29.598724,469.59,1.006074e-06,29.7
2019-08-04 20:00:00,481.85187,4.776414,29.503027,454.69,1.006074e-06,29.6
2019-08-04 21:00:00,491.81424,12.199113,29.469915,480.37,1.006074e-06,29.5
2019-08-04 22:00:00,518.5917,20.504519,29.415855,521.81,1.006074e-06,29.5
2019-08-04 23:00:00,559.5414,16.199953,29.3525,580.02997,1.006074e-06,29.4
2019-08-05 00:00:00,588.78143,20.313005,29.387978,586.42,1.006074e-06,29.2
2019-08-05 01:00:00,553.7153,17.541292,29.137577,534.54,1.006074e-06,29.1
2019-08-05 02:00:00,504.05518,13.188447,28.88106,498.59,1.006074e-06,29.0
2019-08-05 03:00:00,465.92267,5.7621164,28.708374,471.13998,1.006074e-06,29.0
2019-08-05 04:00:00,442.69174,-16.565168,28.866604,459.47,1.006074e-06,28.9
2019-08-05 05:00:00,428.19223,22.178041,29.005407,436.53,1.006074e-06,29.0
2019-08-05 06:00:00,422.38776,83.58263,29.585764,424.45,72.0,29.5
2019-08-05 07:00:00,431.85785,215.2336,30.196968,450.88,275.0,29.8
2019-08-05 08:00:00,472.2393,474.67773,30.556828,538.71,493.0,30.2
2019-08-05 09:00:00,563.0776,696.3112,30.781227,650.72,689.0,30.7
2019-08-05 10:00:00,654.4575,799.5828,31.274448,722.51,641.0,31.0
2019-08-05 11:00:00,724.02936,773.9532,31.476444,739.9,753.0,31.1
2019-08-05 12:00:00,744.29346,733.5528,31.460257,703.54,831.0,31.2
2019-08-05 13:00:00,734.45667,709.1564,31.298206,723.99,942.00006,31.2
2019-08-05 14:00:00,738.7061,697.3986,31.125849,759.27,840.00006,31.2
2019-08-05 15:00:00,755.86365,587.2901,31.108408,754.82,415.0,30.9
2019-08-05 16:00:00,715.89606,327.34756,30.711615,754.92,492.0,30.5
2019-08-05 17:00:00,701.5779,235.2446,30.239134,702.17,275.0,30.1
2019-08-05 18:00:00,652.8047,118.42659,29.704157,671.14,62.0,29.7
2019-08-05 19:00:00,625.8671,13.35901,29.406036,614.93,1.006074e-06,29.6
2019-08-05 20:00:00,608.291,3.2311563,29.439295,576.82,1.006074e-06,29.5
2019-08-05 21:00:00,604.4859,31.912188,29.346521,569.27,1.006074e-06,29.5
2019-08-05 22:00:00,610.5593,29.789751,29.326544,598.03,1.006074e-06,29.5
2019-08-05 23:00:00,623.09796,21.37198,29.3179,626.44,1.006074e-06,29.4
2019-08-06 00:00:00,613.89734,17.475801,29.195963,612.35,1.006074e-06,29.2
2019-08-06 01:00:00,577.2232,14.226823,29.157827,590.86,1.006074e-06,29.1
2019-08-06 02:00:00,538.91394,18.598803,28.939829,555.64,1.006074e-06,29.0
2019-08-06 03:00:00,506.30377,17.847307,28.78091,513.7,1.006074e-06,28.9
2019-08-06 04:00:00,472.04187,19.654284,28.745129,494.61,1.006074e-06,28.9
2019-08-06 05:00:00,453.93106,31.468843,28.983532,491.5,1.006074e-06,28.9
2019-08-06 06:00:00,454.92084,106.96668,29.498083,450.51,74.0,29.3
2019-08-06 07:00:00,460.9582,266.86612,29.972933,454.73,280.0,29.6
2019-08-06 08:00:00,506.6753,543.07935,30.31551,532.38,503.0,30.0
2019-08-06 09:00:00,593.0611,754.1561,30.482069,641.01,703.0,30.3
2019-08-06 10:00:00,677.349,795.89374,30.725512,682.08,860.00006,30.6
2019-08-06 11:00:00,716.4674,869.0662,30.890873,707.9,960.0,30.8
2019-08-06 12:00:00,744.1928,885.6551,30.974028,703.88,992.00006,31.0
2019-08-06 13:00:00,753.0887,865.33307,30.902798,745.05,956.0,31.0
2019-08-06 14:00:00,761.1217,733.5022,30.915094,745.8,855.0,30.9
2019-08-06 15:00:00,761.4968,623.869,30.848925,737.51,696.00006,30.8
2019-08-06 16:00:00,742.53735,461.8376,30.45439,696.92,494.0,30.4
2019-08-06 17:00:00,687.5736,252.18018,29.959913,657.07,272.0,29.9
2019-08-06 18:00:00,628.9389,99.58149,29.322697,585.31,70.0,29.3
2019-08-06 19:00:00,577.3743,21.707552,28.905075,551.11,1.006074e-06,29.0
2019-08-06 20:00:00,564.91003,12.247621,28.750097,535.73,1.006074e-06,28.9
2019-08-06 21:00:00,573.7248,33.402847,28.709892,536.75,1.006074e-06,28.8
2019-08-06 22:00:00,585.3801,32.20096,28.636787,557.45,1.006074e-06,28.7
2019-08-06 23:00:00,601.15247,29.361544,28.544468,577.8,1.006074e-06,28.6
2019-08-07 00:00:00,590.49274,24.495836,28.442076,599.67,1.006074e-06,28.6
2019-08-07 01:00:00,570.7961,21.369524,28.444033,572.21,1.006074e-06,28.5
2019-08-07 02:00:00,531.8664,10.370988,28.300667,545.51,1.006074e-06,28.5
2019-08-07 03:00:00,503.48654,21.062304,28.240103,507.5,1.006074e-06,28.5
2019-08-07 04:00:00,467.2427,18.828585,28.345642,499.96,1.006074e-06,28.5
2019-08-07 05:00:00,454.72983,44.346848,28.5852,479.13,1.006074e-06,28.6
2019-08-07 06:00:00,445.65378,125.70927,29.114073,453.85,68.0,29.2
2019-08-07 07:00:00,464.0488,293.56085,29.765839,444.74002,269.0,29.7
2019-08-07 08:00:00,492.04382,514.55334,30.30617,522.17,486.0,30.2
2019-08-07 09:00:00,554.2811,725.60925,30.927725,649.82,296.0,30.6
2019-08-07 10:00:00,637.8127,522.728,31.017063,687.68,315.0,30.8
2019-08-07 11:00:00,681.12024,470.39783,31.225044,683.32,438.0,30.9
2019-08-07 12:00:00,696.2288,489.26468,31.109617,666.0,177.0,30.9
2019-08-07 13:00:00,690.9902,368.1078,30.970352,690.64996,553.0,30.8
2019-08-07 14:00:00,679.2138,368.4938,30.729015,693.11,417.0,30.7
2019-08-07 15:00:00,685.7813,346.03464,30.519852,691.27,609.0,30.4
2019-08-07 16:00:00,677.5784,325.1347,30.271847,722.77,470.0,30.1
2019-08-07 17:00:00,683.0372,271.104,29.667353,647.45,254.0,29.7
2019-08-07 18:00:00,611.0372,77.64491,29.317501,588.33,61.0,29.3
2019-08-07 19:00:00,556.1917,8.206361,29.181105,552.81,1.006074e-06,29.2
2019-08-07 20:00:00,551.5807,13.910783,29.200632,536.37,1.006074e-06,29.2
2019-08-07 21:00:00,555.6701,19.49698,29.254774,530.85,1.006074e-06,29.2
2019-08-07 22:00:00,565.48517,24.7045,29.250557,542.64,1.006074e-06,29.3
2019-08-07 23:00:00,582.35364,28.222246,29.156628,611.1,1.006074e-06,29.3
2019-08-08 00:00:00,594.11664,27.866213,29.192656,595.6,1.006074e-06,29.3
2019-08-08 01:00:00,549.8258,-22.969007,29.248644,559.37,1.006074e-06,29.3
2019-08-08 02:00:00,507.704,11.949006,29.101149,521.79,1.006074e-06,29.3
2019-08-08 03:00:00,469.55313,-17.89932,29.253351,484.65,1.006074e-06,29.2
2019-08-08 04:00:00,441.29987,-33.500443,29.07039,482.2,1.006074e-06,29.2
2019-08-08 05:00:00,434.02097,-19.851927,29.320171,470.62,1.006074e-06,29.2
2019-08-08 06:00:00,440.01218,44.67755,29.814156,427.16,12.000001,29.5
2019-08-08 07:00:00,445.0396,222.88869,30.135042,433.66,72.99999,29.8
2019-08-08 08:00:00,480.26672,426.87863,30.07825,501.6,145.0,30.0
2019-08-08 09:00:00,537.84283,320.72012,30.344938,569.26,415.0,30.3
2019-08-08 10:00:00,610.40906,574.8355,30.559734,665.92,491.0,30.4
2019-08-08 11:00:00,683.59357,545.6278,30.45121,706.58997,569.0,30.4
2019-08-08 12:00:00,710.93024,564.25183,30.60949,685.81,803.00006,30.3
2019-08-08 13:00:00,709.62427,628.145,30.171007,657.55,170.0,30.2
2019-08-08 14:00:00,663.94305,368.20663,30.177204,668.74,64.99999,30.0
2019-08-08 15:00:00,654.2761,217.4867,29.992142,705.57,45.0,29.9
2019-08-08 16:00:00,664.38635,146.35564,29.888964,652.96,254.0,29.8
2019-08-08 17:00:00,665.14624,127.37186,29.868471,581.27,215.0,29.6
2019-08-08 18:00:00,579.3298,86.94016,29.574207,521.75,54.0,29.4
2019-08-08 19:00:00,512.93835,12.354981,29.617006,477.58002,1.006074e-06,29.3
2019-08-08 20:00:00,487.59875,-11.693175,29.462132,450.15,1.006074e-06,29.2
2019-08-08 21:00:00,481.43137,3.0862894,29.281105,463.06,1.006074e-06,29.2
2019-08-08 22:00:00,505.0255,10.301866,29.14818,468.32,1.006074e-06,29.2
2019-08-08 23:00:00,519.2368,5.5882273,28.98733,480.81,1.006074e-06,29.2
2019-08-09 00:00:00,518.30304,-3.6387167,28.870335,503.28,1.006074e-06,29.1
2019-08-09 01:00:00,509.6671,2.5533915,28.819408,539.88,1.006074e-06,29.0
2019-08-09 02:00:00,530.5442,31.232653,28.747478,480.35,1.006074e-06,29.0
2019-08-09 03:00:00,491.65384,66.810776,28.734222,448.55,1.006074e-06,28.9
2019-08-09 04:00:00,453.38065,35.507446,28.289299,438.31,1.006074e-06,28.9
2019-08-09 05:00:00,428.33606,-1.7930746,28.285809,438.38,1.006074e-06,28.9
2019-08-09 06:00:00,418.47687,51.73855,28.640163,414.52,11.000001,29.0
2019-08-09 07:00:00,444.469,81.16299,28.835722,411.03,58.0,29.1
2019-08-09 08:00:00,465.8541,146.79114,28.77843,385.0,29.000002,29.3
2019-08-09 09:00:00,467.33347,158.47913,29.205917,391.0,232.0,29.5
2019-08-09 10:00:00,394.36575,370.4029,29.287678,396.36002,256.0,29.8
2019-08-09 11:00:00,368.89044,391.35956,29.975834,409.42,151.0,30.2
2019-08-09 12:00:00,402.72583,271.02615,31.086634,412.64,292.0,30.4
2019-08-09 13:00:00,406.9885,344.09003,30.817938,406.23,337.0,30.7
2019-08-09 14:00:00,412.5094,326.12665,31.14853,381.84,260.0,31.0
2019-08-09 15:00:00,378.56302,187.07063,31.207058,480.6,394.0,31.1
2019-08-09 16:00:00,424.03815,200.21513,31.139025,392.01,302.0,30.9
2019-08-09 17:00:00,402.46298,190.48596,30.714403,406.32,136.0,30.6
2019-08-09 18:00:00,387.22446,75.5352,30.151377,404.21,34.0,30.3
2019-08-09 19:00:00,382.32663,-23.547789,29.714415,389.85,1.006074e-06,30.3
2019-08-09 20:00:00,389.18762,-38.724533,29.801125,389.79,1.006074e-06,30.2
2019-08-09 21:00:00,416.46667,-49.660233,29.97386,385.19,1.006074e-06,30.2
2019-08-09 22:00:00,438.32864,-28.020094,29.964415,404.48,1.006074e-06,30.2
2019-08-09 23:00:00,456.29163,-8.460357,29.866127,454.38998,1.006074e-06,30.4
2019-08-10 00:00:00,475.48135,-14.423659,30.339134,458.98,1.006074e-06,30.6
2019-08-10 01:00:00,462.01614,3.9246988,30.669235,450.66,1.006074e-06,30.7
2019-08-10 02:00:00,443.55466,-0.5625295,30.915987,419.66,1.006074e-06,30.7
2019-08-10 03:00:00,412.58276,29.087114,30.72835,425.58002,1.006074e-06,30.6
2019-08-10 04:00:00,408.25452,14.114182,30.418022,406.24,1.006074e-06,30.5
2019-08-10 05:00:00,406.1043,-1.4259634,30.578447,400.65,1.006074e-06,30.6
2019-08-10 06:00:00,390.30606,63.354996,30.964277,392.48,14.000001,30.9
2019-08-10 07:00:00,395.39392,126.27713,31.672226,380.5,45.0,31.3
2019-08-10 08:00:00,394.2933,125.73753,32.085197,398.14,138.0,31.699999
2019-08-10 09:00:00,405.10263,346.4927,32.623234,443.27002,404.0,32.1
2019-08-10 10:00:00,443.80322,630.4727,32.784843,473.48,725.0,32.399998
2019-08-10 11:00:00,478.17056,757.7707,32.82471,484.4,695.00006,32.6
2019-08-10 12:00:00,492.87943,758.747,32.743385,457.93,853.0,32.7
2019-08-10 13:00:00,478.1701,823.31085,32.629528,491.4,791.0,32.7
2019-08-10 14:00:00,497.918,726.93976,32.52321,504.66,772.0,32.5
2019-08-10 15:00:00,499.01404,612.9765,32.436607,512.86,670.0,32.2
2019-08-10 16:00:00,517.3875,480.3201,31.93856,511.94,472.0,31.9
2019-08-10 17:00:00,497.82098,243.04768,31.34306,493.43,254.0,31.3
2019-08-10 18:00:00,467.11896,84.23491,30.813818,474.1,59.0,30.8
2019-08-10 19:00:00,451.7824,-7.0438375,30.490498,461.01,1.006074e-06,30.7
2019-08-10 20:00:00,458.4185,-30.377562,30.55984,486.3,1.006074e-06,30.6
2019-08-10 21:00:00,489.93396,-7.5199575,30.626682,475.93,1.006074e-06,30.7
2019-08-10 22:00:00,497.90466,-2.871688,30.613846,507.02,1.006074e-06,30.6
2019-08-10 23:00:00,522.9137,0.11059671,30.51347,529.04,1.006074e-06,30.5
2019-08-11 00:00:00,520.05725,-9.210296,30.473259,532.02,1.006074e-06,30.4
2019-08-11 01:00:00,500.71768,-17.23126,30.469591,488.25,1.006074e-06,30.4
2019-08-11 02:00:00,444.94263,-20.640242,30.47599,457.28,1.006074e-06,30.2
2019-08-11 03:00:00,414.76624,-29.04428,30.11612,430.14,1.006074e-06,30.0
2019-08-11 04:00:00,389.9362,-20.347883,29.860914,415.46,1.006074e-06,29.9
2019-08-11 05:00:00,379.18613,-9.361266,30.023308,405.67,1.006074e-06,29.9
2019-08-11 06:00:00,370.70288,32.200745,30.421694,383.28998,51.999992,30.2
2019-08-11 07:00:00,372.21887,119.940636,30.96101,388.4,195.0,30.6
2019-08-11 08:00:00,397.84232,267.9735,31.518034,401.86002,406.0,31.0
2019-08-11 09:00:00,427.75867,528.5074,31.842436,419.32,588.0,31.4
2019-08-11 10:00:00,444.11343,741.14124,31.936655,432.30002,732.0,31.6
2019-08-11 11:00:00,451.59268,800.6238,32.06737,425.52,810.0,31.699999
2019-08-11 12:00:00,454.43036,864.79755,31.948736,445.44,817.00006,31.8
2019-08-11 13:00:00,458.25815,778.4229,31.926685,470.97,897.0,31.9
2019-08-11 14:00:00,481.55594,753.1271,31.918476,504.55,740.00006,31.9
2019-08-11 15:00:00,504.2177,604.4215,31.81833,535.35,588.0,31.699999
2019-08-11 16:00:00,518.4206,438.7416,31.514147,513.68,399.0,31.2
2019-08-11 17:00:00,502.64142,224.32376,30.840506,487.75,201.0,30.7
2019-08-11 18:00:00,470.6853,75.38531,30.249128,470.9,48.0,30.2
2019-08-11 19:00:00,462.09174,7.39647,29.972088,468.48,1.006074e-06,29.9
2019-08-11 20:00:00,473.0556,-4.5674124,29.858667,457.71,1.006074e-06,29.7
2019-08-11 21:00:00,480.92444,3.6273355,29.783155,467.76,1.006074e-06,29.6
2019-08-11 22:00:00,495.87003,11.938432,29.636673,524.95,1.006074e-06,29.4
2019-08-11 23:00:00,536.89557,5.549775,29.425123,569.65,1.006074e-06,29.3
2019-08-12 00:00:00,562.75385,6.363557,29.402445,561.74,1.006074e-06,29.1
2019-08-12 01:00:00,521.81854,-3.042983,29.129229,523.25,1.006074e-06,29.0
2019-08-12 02:00:00,474.80652,-3.3386831,28.84658,495.57,1.006074e-06,28.9
2019-08-12 03:00:00,445.35098,-8.993026,28.661871,473.13998,1.006074e-06,28.8
2019-08-12 04:00:00,428.97897,-7.8609304,28.67566,439.9,1.006074e-06,28.8
2019-08-12 05:00:00,407.6713,13.378434,28.990988,426.38,1.006074e-06,28.8
2019-08-12 06:00:00,400.82812,65.20363,29.391644,408.43,5.000001,29.3
2019-08-12 07:00:00,403.425,145.31424,30.009693,419.75,117.0,30.0
2019-08-12 08:00:00,441.1612,292.46182,30.788969,500.95,162.0,30.8
2019-08-12 09:00:00,517.55725,336.1222,31.528996,616.66,322.0,31.1
2019-08-12 10:00:00,617.08325,461.72455,31.587883,689.1,431.0,31.0
2019-08-12 11:00:00,679.64465,486.38974,31.295856,697.95,211.0,30.9
2019-08-12 12:00:00,694.30615,373.6925,31.130388,681.88,418.0,30.9
2019-08-12 13:00:00,679.40393,391.20233,30.888578,719.58,743.0,30.8
2019-08-12 14:00:00,694.04205,497.7769,30.804857,686.43,317.0,30.6
2019-08-12 15:00:00,695.74695,285.85092,30.482388,673.51,357.0,30.4
2019-08-12 16:00:00,661.45715,196.47343,30.208088,660.1,369.0,30.2
2019-08-12 17:00:00,646.1669,189.96196,29.928026,629.75,157.0,30.0
2019-08-12 18:00:00,599.09143,25.625505,29.794952,597.48,39.0,29.7
2019-08-12 19:00:00,571.9617,-35.734604,29.624392,579.67,1.006074e-06,29.5
2019-08-12 20:00:00,569.6888,-21.030653,29.471657,568.34,1.006074e-06,29.3
2019-08-12 21:00:00,578.0275,3.2979746,29.327328,545.67,1.006074e-06,29.2
2019-08-12 22:00:00,575.46387,-1.6779623,29.206717,565.75,1.006074e-06,29.1
2019-08-12 23:00:00,585.08026,6.7899942,29.086233,608.15,1.006074e-06,29.0
2019-08-13 00:00:00,587.5302,5.945176,28.972322,622.35,1.006074e-06,29.0
2019-08-13 01:00:00,568.1511,-20.972715,28.95422,567.33,1.006074e-06,28.9
2019-08-13 02:00:00,508.99854,-8.273314,28.857765,529.1,1.006074e-06,28.8
2019-08-13 03:00:00,473.50693,-15.432784,28.612877,476.84,1.006074e-06,28.6
2019-08-13 04:00:00,433.37848,-10.195968,28.334606,464.03,1.006074e-06,28.5
2019-08-13 05:00:00,416.3966,-45.025482,28.405102,441.86,1.006074e-06,28.4
2019-08-13 06:00:00,409.38138,14.325837,28.677486,419.38,53.0,29.1
2019-08-13 07:00:00,420.7539,208.01534,29.542517,436.56,244.0,30.0
2019-08-13 08:00:00,476.92435,463.02335,30.72942,530.53,456.0,31.0
2019-08-13 09:00:00,584.2753,679.48224,31.69545,600.73,629.0,31.5
2019-08-13 10:00:00,646.04895,809.86206,31.99788,667.64,803.00006,31.8
2019-08-13 11:00:00,685.07605,817.0006,32.030533,681.27997,905.00006,32.0
2019-08-13 12:00:00,708.07025,904.538,31.987171,672.19,936.0,32.1
2019-08-13 13:00:00,714.7554,829.91077,31.863464,679.61,897.0,32.0
2019-08-13 14:00:00,705.2493,721.3724,31.84363,710.12,806.0,31.8
2019-08-13 15:00:00,719.2332,612.63306,31.578064,713.34,621.0,31.5
2019-08-13 16:00:00,706.64606,393.7266,31.0107,701.66,451.0,31.1
2019-08-13 17:00:00,673.4544,201.26884,30.39528,660.36,237.0,30.7
2019-08-13 18:00:00,628.41364,82.78723,29.949173,610.94,46.999992,29.9
2019-08-13 19:00:00,591.07324,4.5924234,29.427498,592.17,1.006074e-06,29.5
2019-08-13 20:00:00,594.0368,-5.184005,29.21277,562.43,1.006074e-06,29.2
2019-08-13 21:00:00,590.70807,15.316606,29.066175,547.55,1.006074e-06,29.0
2019-08-13 22:00:00,591.991,27.597246,28.904564,567.59,1.006074e-06,28.8
2019-08-13 23:00:00,604.23083,20.709398,28.673615,586.22003,1.006074e-06,28.8
2019-08-14 00:00:00,593.5863,11.740617,28.607689,566.84,1.006074e-06,28.7
2019-08-14 01:00:00,544.1234,2.0435343,28.580967,545.2,1.006074e-06,28.6
2019-08-14 02:00:00,506.25027,8.768022,28.398062,494.68,1.006074e-06,28.4
2019-08-14 03:00:00,459.01343,-1.9416342,28.137012,465.0,1.006074e-06,28.3
2019-08-14 04:00:00,429.72974,-4.4274893,28.113197,447.72,1.006074e-06,28.2
2019-08-14 05:00:00,415.66925,18.152056,28.354786,421.05,1.006074e-06,28.2
2019-08-14 06:00:00,404.51215,93.16147,28.83386,408.26,57.0,29.0
2019-08-14 07:00:00,418.46338,248.09587,29.790655,427.33002,251.0,29.8
2019-08-14 08:00:00,472.41595,473.32687,30.714664,569.75,466.0,30.7
2019-08-14 09:00:00,603.6698,675.23816,31.398764,618.43,661.0,31.3
2019-08-14 10:00:00,660.5446,806.4446,31.84269,702.06,815.0,31.699999
2019-08-14 11:00:00,711.0933,870.6396,31.934464,716.41003,920.00006,32.0
2019-08-14 12:00:00,732.8866,867.6691,32.010853,682.79,952.0,32.3
2019-08-14 13:00:00,725.70917,823.76013,32.030334,720.1,916.0,32.3
2019-08-14 14:00:00,731.8933,728.04865,32.033215,761.4,576.0,32.2
2019-08-14 15:00:00,749.3923,524.2297,31.903704,730.61,657.0,31.9
2019-08-14 16:00:00,719.9232,379.13815,31.567547,703.51,457.0,31.4
2019-08-14 17:00:00,680.27844,208.65028,30.856312,642.34,240.0,30.9
2019-08-14 18:00:00,614.7142,79.2453,30.188313,618.37,48.0,30.1
2019-08-14 19:00:00,589.4211,-14.507888,29.651726,601.62,1.006074e-06,29.8
2019-08-14 20:00:00,600.6272,-11.349837,29.539272,584.6,1.006074e-06,29.6
2019-08-14 21:00:00,609.0073,13.048005,29.43224,573.91,1.006074e-06,29.4
2019-08-14 22:00:00,611.83795,10.3529825,29.267656,629.36,1.006074e-06,29.4
2019-08-14 23:00:00,643.5246,17.617266,29.247921,662.76,1.006074e-06,29.2
2019-08-15 00:00:00,646.7123,12.629289,29.066755,648.76,1.006074e-06,29.0
2019-08-15 01:00:00,593.24,-13.873061,28.848852,603.42,1.006074e-06,28.8
2019-08-15 02:00:00,545.75507,-6.8665304,28.525036,564.06,1.006074e-06,28.7
2019-08-15 03:00:00,500.24286,-13.868148,28.333832,516.02,1.006074e-06,28.6
2019-08-15 04:00:00,466.6026,-28.955275,28.401463,490.88998,1.006074e-06,28.4
2019-08-15 05:00:00,442.76257,-11.534911,28.567661,461.87,1.006074e-06,28.3
2019-08-15 06:00:00,432.75363,77.01561,28.865149,445.2,54.0,29.1
2019-08-15 07:00:00,449.73447,239.25623,29.762278,516.29,192.0,30.0
2019-08-15 08:00:00,542.8143,400.81177,30.824108,562.15,431.0,30.9
2019-08-15 09:00:00,606.1217,677.1727,31.761538,611.8,305.0,31.5
2019-08-15 10:00:00,636.0015,538.47144,32.024475,715.6,560.0,31.9
2019-08-15 11:00:00,701.2726,615.54944,32.182915,741.95,456.0,32.1
2019-08-15 12:00:00,744.31934,569.0473,32.222942,719.92,123.0,32.2
2019-08-15 13:00:00,722.39984,364.93857,32.178177,735.74,454.0,32.1
2019-08-15 14:00:00,718.7369,384.1043,31.943203,759.89,689.0,31.8
2019-08-15 15:00:00,737.37366,429.8238,31.581442,757.12,522.0,31.5
2019-08-15 16:00:00,739.7662,301.80472,31.153097,707.1,236.0,31.1
2019-08-15 17:00:00,675.88666,93.35565,30.645655,667.33997,62.0,30.6
2019-08-15 18:00:00,617.4934,0.921464,30.1386,625.64,11.000001,30.1
2019-08-15 19:00:00,601.1316,-25.348204,29.813726,586.94,1.006074e-06,29.9
2019-08-15 20:00:00,593.985,-16.73924,29.713737,543.27,1.006074e-06,29.7
2019-08-15 21:00:00,581.30927,2.2825327,29.61236,533.89,1.006074e-06,29.5
2019-08-15 22:00:00,587.0941,9.4940195,29.471998,564.95,1.006074e-06,29.3
2019-08-15 23:00:00,611.20154,-4.521056,29.269117,603.8,1.006074e-06,29.1
2019-08-16 00:00:00,606.2387,-4.5329885,29.103844,573.73,1.006074e-06,29.0
2019-08-16 01:00:00,552.3253,-10.480697,29.028578,546.0,1.006074e-06,28.8
2019-08-16 02:00:00,508.7808,6.7167215,28.562523,508.97,1.006074e-06,28.7
2019-08-16 03:00:00,470.09866,-21.9559,28.426537,487.02,1.006074e-06,28.6
2019-08-16 04:00:00,455.01962,-24.889708,28.52506,460.8,1.006074e-06,28.5
2019-08-16 05:00:00,444.3012,36.22191,28.797651,445.72,1.006074e-06,28.5
2019-08-16 06:00:00,444.75305,74.122345,29.056816,431.04,21.000002,28.9
2019-08-16 07:00:00,449.8443,165.54703,29.506456,431.93,199.0,29.3
2019-08-16 08:00:00,474.47556,438.75363,29.669655,500.12,400.0,30.0
2019-08-16 09:00:00,551.87024,610.0533,30.708344,532.39,349.0,30.7
2019-08-16 10:00:00,589.48254,573.1924,31.275343,614.93,645.0,31.1
2019-08-16 11:00:00,644.10815,713.32983,31.448683,638.86,540.0,31.3
2019-08-16 12:00:00,660.2927,562.27136,31.47002,613.67,640.0,31.4
2019-08-16 13:00:00,656.26306,577.78094,31.394379,650.83,759.00006,31.4
2019-08-16 14:00:00,664.0688,566.37415,31.300058,671.32,691.00006,31.2
2019-08-16 15:00:00,680.76196,487.2959,31.06804,683.72003,398.0,30.9
2019-08-16 16:00:00,659.9954,281.673,30.68874,666.37,296.0,30.7
2019-08-16 17:00:00,630.5239,132.28763,30.21489,628.43,224.0,30.3
2019-08-16 18:00:00,592.92255,79.378944,29.763483,603.15,39.0,29.8
2019-08-16 19:00:00,569.0363,-13.182265,29.483795,588.6,1.006074e-06,29.6
2019-08-16 20:00:00,575.20447,-20.77252,29.424637,536.45,1.006074e-06,29.4
2019-08-16 21:00:00,554.1335,6.7168283,29.29595,534.78,1.006074e-06,29.2
2019-08-16 22:00:00,561.94714,5.668458,29.118649,544.37,1.006074e-06,29.0
2019-08-16 23:00:00,569.29285,-0.32916158,28.95243,617.31,1.006074e-06,28.8
2019-08-17 00:00:00,591.50146,5.342469,28.816652,593.37,1.006074e-06,28.7
2019-08-17 01:00:00,560.4311,-8.743621,28.76888,542.15,1.006074e-06,28.6
2019-08-17 02:00:00,507.2453,-0.4235677,28.606287,509.47,1.006074e-06,28.5
2019-08-17 03:00:00,466.38623,-22.79875,28.336279,467.5,1.006074e-06,28.5
2019-08-17 04:00:00,434.10416,-7.479308,28.361534,445.97,1.006074e-06,28.5
2019-08-17 05:00:00,414.16235,1.9897318,28.65503,435.67,1.006074e-06,28.6
2019-08-17 06:00:00,406.21094,35.796875,29.21148,390.12,33.0,29.2
2019-08-17 07:00:00,400.31317,198.03119,29.88719,410.21,234.0,29.7
2019-08-17 08:00:00,448.87057,423.6937,30.439886,454.01,407.0,30.4
2019-08-17 09:00:00,509.55045,591.12006,31.138365,461.45,484.0,31.0
2019-08-17 10:00:00,512.19366,682.7513,31.51997,471.76,784.00006,31.4
2019-08-17 11:00:00,521.0263,837.7378,31.67937,493.37,888.00006,31.6
2019-08-17 12:00:00,541.3962,886.1017,31.651863,509.93,914.0,31.699999
2019-08-17 13:00:00,557.2458,850.50824,31.569979,547.36,872.0,31.699999
2019-08-17 14:00:00,575.6617,726.68805,31.537884,535.02,782.00006,31.5
2019-08-17 15:00:00,581.5066,582.5346,31.348368,526.11,448.0,31.2
2019-08-17 16:00:00,559.6488,334.98065,30.884039,524.7,370.0,30.8
2019-08-17 17:00:00,536.01196,170.6205,30.242004,529.9,126.0,30.2
2019-08-17 18:00:00,525.31,37.220764,29.677202,467.23,31.000002,29.6
2019-08-17 19:00:00,490.27557,-15.762069,29.246574,492.0,1.006074e-06,29.3
2019-08-17 20:00:00,515.238,-18.86337,29.109552,490.01,1.006074e-06,29.1
2019-08-17 21:00:00,529.2886,-0.682311,28.997932,512.18,1.006074e-06,29.0
2019-08-17 22:00:00,550.28796,3.5774393,28.855045,548.12,1.006074e-06,28.8
2019-08-17 23:00:00,576.3791,-2.9398642,28.667944,575.01,1.006074e-06,28.5
2019-08-18 00:00:00,570.7885,-4.1040487,28.3683,574.35,1.006074e-06,28.3
2019-08-18 01:00:00,536.2255,-11.500426,28.129982,549.15,1.006074e-06,28.1
2019-08-18 02:00:00,506.16714,-10.334426,27.785696,500.73,1.006074e-06,27.9
2019-08-18 03:00:00,461.9016,-20.93292,27.678623,474.58002,1.006074e-06,27.8
2019-08-18 04:00:00,429.74,-15.374679,27.65877,448.23,1.006074e-06,27.7
2019-08-18 05:00:00,410.3005,-1.800292,27.896667,429.23,1.006074e-06,27.8
2019-08-18 06:00:00,390.6402,61.354904,28.370718,409.87,49.0,28.5
2019-08-18 07:00:00,400.9344,191.09802,29.147617,412.16,237.0,29.2
2019-08-18 08:00:00,424.0428,372.1051,29.959642,423.37,445.0,30.2
2019-08-18 09:00:00,447.21304,560.72894,30.968452,428.80002,632.0,30.7
2019-08-18 10:00:00,444.74866,757.3414,31.331404,446.04,427.0,30.7
2019-08-18 11:00:00,448.5419,577.5143,30.930899,464.09,547.0,30.6
2019-08-18 12:00:00,444.79117,586.32666,30.495201,491.2,74.0,30.3
2019-08-18 13:00:00,482.5713,364.57764,30.471937,511.51,360.0,30.1
2019-08-18 14:00:00,485.986,317.2788,30.138975,523.4,225.0,29.9
2019-08-18 15:00:00,522.40625,299.29416,29.753933,527.55,222.0,29.6
2019-08-18 16:00:00,514.1931,204.5789,29.270422,525.97,185.0,29.2
2019-08-18 17:00:00,505.89465,114.03357,28.68328,526.03,55.0,28.9
2019-08-18 18:00:00,493.18015,15.353288,28.373405,507.15,16.000002,28.5
2019-08-18 19:00:00,494.08762,-14.962447,28.280317,512.07,1.006074e-06,28.3
2019-08-18 20:00:00,511.68866,-0.94906515,28.156908,521.25,1.006074e-06,28.1
2019-08-18 21:00:00,543.5221,5.850251,28.1336,550.77,1.006074e-06,28.0
2019-08-18 22:00:00,577.0804,19.118532,28.059174,580.38,1.006074e-06,27.9
2019-08-18 23:00:00,595.405,-6.963027,28.04289,615.16,1.006074e-06,27.8
2019-08-19 00:00:00,610.5035,40.905975,27.590075,606.97,1.006074e-06,27.7
2019-08-19 01:00:00,570.4221,37.057022,27.597664,561.73,1.006074e-06,27.6
2019-08-19 02:00:00,523.88306,18.127016,27.489023,522.5,1.006074e-06,27.6
2019-08-19 03:00:00,481.8926,15.363526,27.53,480.28,1.006074e-06,27.6
2019-08-19 04:00:00,459.28992,3.8312998,27.632336,455.54,1.006074e-06,27.6
2019-08-19 05:00:00,437.279,10.421052,27.699562,438.01,1.006074e-06,27.6
2019-08-19 06:00:00,432.17578,22.906313,28.025255,421.9,31.000002,27.9
2019-08-19 07:00:00,430.3222,97.399734,28.352282,439.56,148.0,28.2
2019-08-19 08:00:00,466.9157,280.27225,28.610308,516.52,118.0,28.6
2019-08-19 09:00:00,534.8514,215.42409,28.999517,611.12,390.0,28.9
2019-08-19 10:00:00,634.6901,482.42798,29.333694,670.74,564.0,29.0
2019-08-19 11:00:00,692.62555,605.4268,29.38134,695.86,622.0,29.0
2019-08-19 12:00:00,705.4155,568.63513,29.288622,696.0,627.0,28.9
2019-08-19 13:00:00,708.34357,525.6992,28.991877,710.84,687.00006,28.8
2019-08-19 14:00:00,704.7108,484.67786,28.871872,717.06,384.0,28.6
2019-08-19 15:00:00,705.0153,329.82162,28.643343,714.76,229.0,28.5
2019-08-19 16:00:00,681.2662,169.12077,28.367205,686.27997,24.000002,28.3
2019-08-19 17:00:00,651.26306,18.989107,28.018187,667.33,59.0,28.1
2019-08-19 18:00:00,642.3944,-1.0438833,27.819685,632.88,19.000002,27.9
2019-08-19 19:00:00,620.1919,-19.754728,27.680958,609.65,1.006074e-06,27.9
2019-08-19 20:00:00,606.19727,-20.958723,27.738152,593.86,1.006074e-06,27.9
2019-08-19 21:00:00,603.27277,-9.565719,27.759247,593.9,1.006074e-06,27.9
2019-08-19 22:00:00,611.03345,0.10249429,27.741924,610.09,1.006074e-06,27.8
2019-08-19 23:00:00,619.25214,-4.438918,27.63897,623.57,1.006074e-06,27.7
2019-08-20 00:00:00,607.51636,1.5698252,27.436674,620.72003,1.006074e-06,27.6
2019-08-20 01:00:00,578.6258,10.465302,27.413616,574.62,1.006074e-06,27.4
2019-08-20 02:00:00,528.4019,-14.31314,27.164856,529.71,1.006074e-06,27.3
2019-08-20 03:00:00,486.76135,-10.822387,26.995966,490.25,1.006074e-06,27.2
2019-08-20 04:00:00,457.7332,1.1050577,26.938158,464.77,1.006074e-06,27.2
2019-08-20 05:00:00,438.88596,11.766892,27.160364,443.88,1.006074e-06,27.2
2019-08-20 06:00:00,429.37936,57.870316,27.43087,424.75,36.0,27.8
2019-08-20 07:00:00,433.01358,146.65988,28.105894,441.30002,158.0,28.3
2019-08-20 08:00:00,486.18964,248.8272,28.84601,509.06,412.0,28.8
2019-08-20 09:00:00,579.19226,537.36255,29.211197,608.57,651.0,29.2
2019-08-20 10:00:00,660.70154,738.1254,29.462542,662.02,136.0,29.4
2019-08-20 11:00:00,660.8085,357.2696,29.596382,682.63,368.0,29.6
2019-08-20 12:00:00,686.3414,418.46542,29.697649,690.27997,761.00006,29.5
2019-08-20 13:00:00,710.19617,566.12195,29.674376,703.95,421.0,29.3
2019-08-20 14:00:00,715.4431,423.30432,29.16343,716.86,230.0,29.2
2019-08-20 15:00:00,691.3221,237.20604,29.089993,710.94,515.0,29.0
2019-08-20 16:00:00,695.72784,278.0814,28.760319,693.52997,318.0,28.7
2019-08-20 17:00:00,677.3124,159.96361,28.397749,664.51,94.0,28.5
2019-08-20 18:00:00,629.6075,3.2509165,28.157438,629.25,23.000002,28.2
2019-08-20 19:00:00,598.91437,-15.9794,28.00859,606.06,1.006074e-06,28.0
2019-08-20 20:00:00,602.5168,2.605607,27.943308,588.49,1.006074e-06,28.0
2019-08-20 21:00:00,606.6481,1.9911051,27.898659,591.58,1.006074e-06,27.9
2019-08-20 22:00:00,607.059,-0.54403585,27.816793,605.24,1.006074e-06,27.9
2019-08-20 23:00:00,620.09155,5.700593,27.752151,606.65,1.006074e-06,27.7
2019-08-21 00:00:00,606.91595,-0.49946493,27.563377,588.03,1.006074e-06,27.6
2019-08-21 01:00:00,558.41296,3.5230417,27.52759,554.26,1.006074e-06,27.5
2019-08-21 02:00:00,515.47235,7.632371,27.46151,512.84,1.006074e-06,27.3
2019-08-21 03:00:00,478.96857,26.473085,27.151663,473.25,1.006074e-06,27.3
2019-08-21 04:00:00,441.03903,-13.507552,27.203484,450.68,1.006074e-06,27.2
2019-08-21 05:00:00,422.0265,-25.114714,27.299408,430.44,1.006074e-06,27.3
2019-08-21 06:00:00,415.2888,70.398544,27.8051,409.51,19.000002,27.9
2019-08-21 07:00:00,423.42908,157.38132,28.599058,428.85,236.0,28.3
2019-08-21 08:00:00,494.66873,473.76422,29.052383,513.3,381.0,28.4
2019-08-21 09:00:00,589.7614,612.1884,28.665434,601.16,595.0,28.6
2019-08-21 10:00:00,639.7995,620.06036,28.938086,673.35,689.0,28.7
2019-08-21 11:00:00,695.00037,686.458,28.99852,691.69,791.0,28.8
2019-08-21 12:00:00,725.1192,732.72144,28.932156,701.78,338.0,28.8
2019-08-21 13:00:00,704.92584,444.19882,28.977268,713.83,704.0,28.9
2019-08-21 14:00:00,714.192,516.0033,29.056292,729.39,223.0,28.8
2019-08-21 15:00:00,725.1647,363.83545,28.671675,721.83,482.0,28.8
2019-08-21 16:00:00,705.9522,285.1495,28.754004,706.08,400.0,28.7
2019-08-21 17:00:00,683.8727,202.87074,28.507036,668.35,195.0,28.5
2019-08-21 18:00:00,630.17676,69.41916,28.310308,632.7,21.999987,28.2
2019-08-21 19:00:00,596.3847,-21.65724,28.042986,615.57,1.006074e-06,28.3
2019-08-21 20:00:00,592.0017,-9.799026,28.150557,593.51,1.006074e-06,28.3
2019-08-21 21:00:00,597.6989,-4.5396566,28.143364,587.54,1.006074e-06,28.3
2019-08-21 22:00:00,602.99304,-0.23408407,28.098045,609.89,1.006074e-06,28.2
2019-08-21 23:00:00,621.2401,-5.362487,27.94958,632.72003,1.006074e-06,28.2
2019-08-22 00:00:00,622.108,1.450593,27.981716,620.87,1.006074e-06,28.2
2019-08-22 01:00:00,579.23914,-7.205413,28.12938,580.45,1.006074e-06,28.2
2019-08-22 02:00:00,536.40594,-1.339324,28.096596,532.36,1.006074e-06,28.1
2019-08-22 03:00:00,483.52942,-8.14395,27.961905,489.49,1.006074e-06,28.1
2019-08-22 04:00:00,456.65167,-11.62741,27.83648,464.05,1.006074e-06,28.1
2019-08-22 05:00:00,428.95886,-10.067931,28.092508,445.86,1.006074e-06,28.1
2019-08-22 06:00:00,427.19693,46.87307,28.48535,424.88,48.0,28.7
2019-08-22 07:00:00,428.8106,198.90836,29.295948,448.19,242.0,29.6
2019-08-22 08:00:00,503.09015,469.31003,30.285051,526.87,459.0,30.1
2019-08-22 09:00:00,590.5096,650.7988,30.626625,620.73,659.0,30.5
2019-08-22 10:00:00,670.9647,820.4637,30.810247,680.85,816.00006,30.9
2019-08-22 11:00:00,721.58374,824.4037,30.982683,677.67,935.0,31.0
2019-08-22 12:00:00,722.6884,887.9214,30.997324,684.55,963.00006,31.1
2019-08-22 13:00:00,733.8307,806.6093,30.85087,708.65,922.00006,31.0
2019-08-22 14:00:00,728.6562,706.71185,30.82812,735.14,818.00006,30.7
2019-08-22 15:00:00,743.183,597.88776,30.413467,722.17,305.0,30.3
2019-08-22 16:00:00,710.3045,300.42633,29.748985,708.08,449.0,29.8
2019-08-22 17:00:00,688.2893,191.62946,29.368525,662.0,228.0,29.4
2019-08-22 18:00:00,639.85016,85.55455,28.86686,615.14,37.0,28.9
2019-08-22 19:00:00,603.8081,-1.7218924,28.508648,555.56,1.006074e-06,28.8
2019-08-22 20:00:00,576.28503,-8.550078,28.484793,505.14,1.006074e-06,28.8
2019-08-22 21:00:00,557.56177,15.222779,28.50478,513.61,1.006074e-06,28.7
2019-08-22 22:00:00,569.03595,13.493806,28.418709,523.12,1.006074e-06,28.7
2019-08-22 23:00:00,572.29724,10.594941,28.353764,525.68,1.006074e-06,28.6
2019-08-23 00:00:00,550.37354,3.6788034,28.278568,516.65,1.006074e-06,28.4
2019-08-23 01:00:00,512.1442,7.404893,28.177795,485.83,1.006074e-06,28.1
2019-08-23 02:00:00,467.40814,4.638978,27.823177,439.58002,1.006074e-06,28.0
2019-08-23 03:00:00,422.21664,-6.2536306,27.763618,445.09,1.006074e-06,28.0
2019-08-23 04:00:00,419.27496,39.8443,27.968393,422.94,1.006074e-06,28.0
2019-08-23 05:00:00,408.59125,50.16165,28.247486,420.13,1.006074e-06,28.0
2019-08-23 06:00:00,408.2608,113.527245,28.60493,404.67,54.0,28.9
2019-08-23 07:00:00,428.8702,266.97043,29.553686,424.80002,252.0,29.5
2019-08-23 08:00:00,481.91415,503.93243,30.235294,484.71,471.0,30.0
2019-08-23 09:00:00,547.4282,678.16736,30.747572,532.02,670.0,30.5
2019-08-23 10:00:00,581.7533,807.8172,30.945435,615.81,826.0,30.8
2019-08-23 11:00:00,643.2469,871.8399,30.993721,640.16,931.0,30.9
2019-08-23 12:00:00,673.7601,828.8847,30.942366,610.17,960.0,31.0
2019-08-23 13:00:00,671.5898,807.80865,30.752987,601.16,918.0,30.9
2019-08-23 14:00:00,656.5887,655.05164,30.515965,619.58,195.0,30.7
2019-08-23 15:00:00,632.95135,342.11993,30.382534,641.74,648.0,30.4
2019-08-23 16:00:00,642.4328,347.62003,30.391724,627.81,200.0,30.0
2019-08-23 17:00:00,626.9161,181.79529,29.945324,605.39,222.0,29.6
2019-08-23 18:00:00,586.76294,73.44106,29.427748,572.21,34.0,29.2
2019-08-23 19:00:00,555.72815,-3.6839743,29.014421,546.25,1.006074e-06,29.0
2019-08-23 20:00:00,544.0794,1.6508799,28.954546,525.54,1.006074e-06,29.0
2019-08-23 21:00:00,546.81793,3.6255198,28.915197,520.51,1.006074e-06,29.0
2019-08-23 22:00:00,540.28906,14.391389,28.886415,539.11,1.006074e-06,28.9
2019-08-23 23:00:00,554.0399,5.8394938,28.810778,574.16,1.006074e-06,28.8
2019-08-24 00:00:00,555.5876,2.6795206,28.663881,575.98,1.006074e-06,28.7
2019-08-24 01:00:00,527.0013,-5.0535574,28.551233,545.22,1.006074e-06,28.6
2019-08-24 02:00:00,501.1129,-2.0055838,28.540323,508.83,1.006074e-06,28.5
2019-08-24 03:00:00,463.83707,8.237596,28.371675,475.2,1.006074e-06,28.6
2019-08-24 04:00:00,442.5009,-1.5928946,28.506586,447.73,1.006074e-06,28.6
2019-08-24 05:00:00,416.74252,21.221087,28.750687,430.07,1.006074e-06,28.7
2019-08-24 06:00:00,408.54865,81.212,29.176702,414.02,45.0,28.9
2019-08-24 07:00:00,411.9329,210.49245,29.574913,421.07,228.0,29.1
2019-08-24 08:00:00,454.92337,375.7883,29.732214,443.69,381.0,29.4
2019-08-24 09:00:00,479.6183,546.53143,29.913622,459.08,599.0,29.8
2019-08-24 10:00:00,493.58298,755.2398,30.02061,483.24,381.0,30.0
2019-08-24 11:00:00,487.4554,460.89804,30.07606,506.17,580.0,30.1
2019-08-24 12:00:00,511.09076,615.5002,30.01951,509.95,795.00006,30.2
2019-08-24 13:00:00,545.79565,659.9222,30.092588,531.15,578.0,30.1
2019-08-24 14:00:00,542.88257,539.405,30.203485,532.66,536.0,30.0
2019-08-24 15:00:00,538.8628,402.75168,29.668036,537.22,330.0,29.8
2019-08-24 16:00:00,542.485,275.72055,29.60461,528.46,213.0,29.6
2019-08-24 17:00:00,528.2663,122.70474,29.256525,516.6,80.0,29.4
2019-08-24 18:00:00,504.84457,2.4200754,29.005756,496.21,15.000001,29.2
2019-08-24 19:00:00,496.40784,-22.859022,28.936983,494.35,1.006074e-06,29.1
2019-08-24 20:00:00,510.98416,-17.84146,28.970684,499.47,1.006074e-06,29.1
2019-08-24 21:00:00,526.54724,-6.852599,28.99072,512.18,1.006074e-06,29.0
2019-08-24 22:00:00,541.86707,-8.608413,28.938042,548.12,1.006074e-06,29.0
2019-08-24 23:00:00,567.81305,-12.46263,28.938938,575.01,1.006074e-06,29.0
2019-08-25 00:00:00,571.28284,-24.594374,28.920046,574.35,1.006074e-06,29.0
2019-08-25 01:00:00,541.46674,-3.6828146,28.895187,549.15,1.006074e-06,28.9
2019-08-25 02:00:00,510.26877,-8.024566,28.789524,500.73,1.006074e-06,28.9
2019-08-25 03:00:00,471.48984,8.3742075,28.7251,474.58002,1.006074e-06,28.9
2019-08-25 04:00:00,444.05902,7.218278,28.869135,448.23,1.006074e-06,28.7
2019-08-25 05:00:00,418.22656,4.749055,28.794235,429.23,1.006074e-06,28.5
2019-08-25 06:00:00,400.546,67.378746,28.887367,409.87,49.0,28.9
2019-08-25 07:00:00,402.95956,154.67076,29.394583,412.16,143.0,29.4
2019-08-25 08:00:00,428.44415,297.32907,29.93877,423.37,266.0,30.1
2019-08-25 09:00:00,448.16125,450.26816,30.68246,428.80002,483.0,30.7
2019-08-25 10:00:00,456.00705,569.6001,31.165339,446.04,455.0,31.0
2019-08-25 11:00:00,455.1877,545.0935,31.247364,464.09,494.0,31.0
2019-08-25 12:00:00,456.7526,568.145,31.00994,491.2,741.00006,30.8
2019-08-25 13:00:00,493.27536,665.5901,30.644537,511.51,606.0,30.8
2019-08-25 14:00:00,519.5514,529.6798,30.62946,523.4,706.0,30.7
2019-08-25 15:00:00,540.01904,513.2981,30.427826,527.55,505.0,30.5
2019-08-25 16:00:00,534.5797,353.83365,30.115318,525.97,392.0,30.1
2019-08-25 17:00:00,515.1601,201.1891,29.527567,526.03,204.0,29.7
2019-08-25 18:00:00,501.8272,68.99871,29.108227,507.15,23.000002,29.3
2019-08-25 19:00:00,494.7825,-12.28099,28.865084,512.07,1.006074e-06,29.1
2019-08-25 20:00:00,515.0163,-20.67523,28.908869,521.25,1.006074e-06,29.0
2019-08-25 21:00:00,540.4552,-7.9080343,28.87218,550.77,1.006074e-06,28.9
2019-08-25 22:00:00,571.2242,-7.000884,28.832117,580.38,1.006074e-06,28.9
2019-08-25 23:00:00,596.5925,-5.4644613,28.780333,615.16,1.006074e-06,28.8
2019-08-26 00:00:00,610.65186,-6.0398245,28.83012,606.97,1.006074e-06,28.7
2019-08-26 01:00:00,570.8593,0.4134074,28.564571,561.73,1.006074e-06,28.6
2019-08-26 02:00:00,510.1905,-3.3784323,28.379688,522.5,1.006074e-06,28.5
2019-08-26 03:00:00,475.03854,-12.77365,28.2096,480.28,1.006074e-06,28.4
2019-08-26 04:00:00,449.95905,-18.55638,28.235033,455.54,1.006074e-06,28.3
2019-08-26 05:00:00,434.32214,-14.772414,28.298315,438.01,1.006074e-06,28.2
2019-08-26 06:00:00,427.8096,35.17206,28.581537,421.9,48.0,28.7
2019-08-26 07:00:00,436.29507,122.12214,29.267345,439.56,226.0,29.3
2019-08-26 08:00:00,477.87054,334.43472,29.946762,516.52,413.0,29.9
2019-08-26 09:00:00,562.72406,607.33954,30.51393,611.12,632.0,30.2
2019-08-26 10:00:00,642.57446,723.00543,30.7031,670.74,736.00006,30.3
2019-08-26 11:00:00,697.14124,787.1238,30.708109,695.86,846.00006,30.4
2019-08-26 12:00:00,723.5447,803.8674,30.563293,696.0,571.0,30.6
2019-08-26 13:00:00,717.43115,604.71454,30.702112,710.84,398.0,30.8
2019-08-26 14:00:00,709.55066,438.91473,30.832142,717.06,796.00006,30.7
2019-08-26 15:00:00,727.6644,490.3831,30.732138,714.76,631.0,30.5
2019-08-26 16:00:00,725.07324,398.32034,30.16538,686.27997,428.0,30.1
2019-08-26 17:00:00,674.03174,180.63387,29.637512,667.33,207.0,29.7
2019-08-26 18:00:00,626.707,57.274567,29.197182,632.88,25.000002,29.3
2019-08-26 19:00:00,609.8316,-7.4550467,29.009405,609.65,1.006074e-06,29.1
2019-08-26 20:00:00,610.4603,-15.767608,28.958395,593.86,1.006074e-06,29.0
2019-08-26 21:00:00,615.3603,0.5044871,28.908436,593.9,1.006074e-06,28.9
2019-08-26 22:00:00,629.9256,13.062135,28.826452,610.09,1.006074e-06,28.8
2019-08-26 23:00:00,640.71094,8.13347,28.700287,623.57,1.006074e-06,28.6
2019-08-27 00:00:00,619.5831,1.5800943,28.449123,620.72003,1.006074e-06,28.4
2019-08-27 01:00:00,580.9854,2.7400217,28.342962,574.62,1.006074e-06,28.3
2019-08-27 02:00:00,528.4076,-9.219665,28.151962,529.71,1.006074e-06,28.1
2019-08-27 03:00:00,484.5894,-11.719863,27.836737,490.25,1.006074e-06,28.0
2019-08-27 04:00:00,449.46387,-20.850904,27.82415,464.77,1.006074e-06,27.9
2019-08-27 05:00:00,434.18503,11.030473,27.99602,443.88,1.006074e-06,27.7
2019-08-27 06:00:00,425.21313,70.06357,28.257442,424.75,54.0,28.4
2019-08-27 07:00:00,433.34872,200.45415,29.054096,441.30002,262.0,29.0
2019-08-27 08:00:00,479.1374,471.98666,29.770546,509.06,490.0,29.8
2019-08-27 09:00:00,566.362,728.58875,30.467812,608.57,692.00006,30.4
2019-08-27 10:00:00,654.02893,847.33997,30.893267,662.02,847.0,30.8
2019-08-27 11:00:00,707.66125,943.0181,31.089329,682.63,947.00006,31.0
2019-08-27 12:00:00,716.40106,889.21515,31.055761,690.27997,973.0,31.1
2019-08-27 13:00:00,716.5579,853.0622,31.061373,703.95,929.00006,30.9
2019-08-27 14:00:00,728.57324,745.4621,30.682377,716.86,822.00006,30.6
2019-08-27 15:00:00,727.3175,609.6087,30.293694,710.94,655.0,30.2
2019-08-27 16:00:00,710.3258,420.58792,29.672192,693.52997,447.0,29.8
2019-08-27 17:00:00,669.4452,207.25723,29.158148,664.51,223.0,29.2
2019-08-27 18:00:00,630.6338,71.157845,28.597137,629.25,30.000002,28.6
2019-08-27 19:00:00,607.9463,-1.7631216,28.204472,606.06,1.006074e-06,28.4
2019-08-27 20:00:00,608.4715,-4.370574,28.16255,588.49,1.006074e-06,28.3
2019-08-27 21:00:00,613.6104,10.548585,28.130836,591.58,1.006074e-06,28.2
2019-08-27 22:00:00,621.1347,19.247805,28.048512,605.24,1.006074e-06,28.1
2019-08-27 23:00:00,629.8586,16.033861,27.915092,606.65,1.006074e-06,28.1
2019-08-28 00:00:00,605.8665,3.7909555,27.85322,588.03,1.006074e-06,28.0
2019-08-28 01:00:00,558.6674,0.3514567,27.830471,554.26,1.006074e-06,28.0
2019-08-28 02:00:00,514.2506,3.2669687,27.787842,512.84,1.006074e-06,27.9
2019-08-28 03:00:00,474.38425,-3.1340475,27.688782,473.25,1.006074e-06,27.8
2019-08-28 04:00:00,441.315,-1.4944448,27.684423,450.68,1.006074e-06,27.8
2019-08-28 05:00:00,425.33337,21.253298,27.907928,430.44,1.006074e-06,27.8
2019-08-28 06:00:00,417.63043,89.30961,28.412603,409.51,51.0,28.5
2019-08-28 07:00:00,428.86697,236.559,29.236523,428.85,254.0,29.2
2019-08-28 08:00:00,482.0179,467.3349,30.061573,513.3,477.0,29.9
2019-08-28 09:00:00,576.3961,677.1614,30.568525,601.16,677.0,30.5
2019-08-28 10:00:00,651.5218,814.65936,30.940382,673.35,832.0,30.9
2019-08-28 11:00:00,706.9789,875.69183,31.138817,691.69,933.0,31.2
2019-08-28 12:00:00,727.95483,878.456,31.235977,701.78,963.00006,31.3
2019-08-28 13:00:00,735.569,819.79803,31.158922,713.83,922.00006,31.3
2019-08-28 14:00:00,737.5344,713.67316,31.007236,729.39,813.0,31.2
2019-08-28 15:00:00,741.9252,590.8395,30.831375,721.83,647.0,31.0
2019-08-28 16:00:00,721.7638,402.26978,30.49051,706.08,440.0,30.6
2019-08-28 17:00:00,682.13434,196.0759,29.93493,668.35,215.0,29.9
2019-08-28 18:00:00,635.2449,62.485466,29.210114,632.7,27.000002,29.3
2019-08-28 19:00:00,609.8669,-12.143813,28.768988,615.57,1.006074e-06,29.0
2019-08-28 20:00:00,614.2423,-10.672439,28.672382,593.51,1.006074e-06,28.9
2019-08-28 21:00:00,617.9751,3.7886362,28.625162,587.54,1.006074e-06,28.8
2019-08-28 22:00:00,622.0505,7.6867533,28.545055,609.89,1.006074e-06,28.7
2019-08-28 23:00:00,633.757,9.127,28.461159,632.72003,1.006074e-06,28.6
2019-08-29 00:00:00,624.7509,3.462205,28.361485,620.87,1.006074e-06,28.5
2019-08-29 01:00:00,580.6341,-5.547179,28.345057,580.45,1.006074e-06,28.4
2019-08-29 02:00:00,533.6613,-7.297225,28.195534,532.36,1.006074e-06,28.3
2019-08-29 03:00:00,487.15744,-16.34065,28.0392,489.49,1.006074e-06,28.3
2019-08-29 04:00:00,451.84415,-16.616117,28.12551,464.05,1.006074e-06,28.2
2019-08-29 05:00:00,430.21887,2.1815653,28.333717,445.86,1.006074e-06,28.3
2019-08-29 06:00:00,423.8978,80.251366,28.902704,424.88,46.999992,29.0
2019-08-29 07:00:00,435.86328,225.05212,29.750465,448.19,242.0,29.9
2019-08-29 08:00:00,494.0216,449.39746,30.74026,526.87,458.0,30.5
2019-08-29 09:00:00,584.28613,661.99475,31.206297,620.73,653.0,30.8
2019-08-29 10:00:00,662.3668,783.6917,31.212605,680.85,504.0,31.2
2019-08-29 11:00:00,700.34393,645.17267,31.427437,712.93,897.0,31.4
2019-08-29 12:00:00,733.407,791.9262,31.446789,711.29,782.00006,31.6
2019-08-29 13:00:00,745.5082,697.23566,31.485489,720.19,610.0,31.6
2019-08-29 14:00:00,733.8499,537.4854,31.424759,734.67,400.0,31.3
2019-08-29 15:00:00,726.8602,381.5598,31.033524,738.14,90.0,30.9
2019-08-29 16:00:00,706.92,183.3936,30.56337,710.1,53.0,30.5
2019-08-29 17:00:00,678.65607,35.47603,30.081377,656.35,195.0,30.0
2019-08-29 18:00:00,643.23724,49.13314,29.485624,621.45,19.000002,29.5
2019-08-29 19:00:00,603.27515,-3.684783,29.09465,586.89,1.006074e-06,29.4
2019-08-29 20:00:00,590.3951,-11.18817,29.139803,570.84,1.006074e-06,29.3
2019-08-29 21:00:00,592.5791,2.5893564,29.110445,573.42,1.006074e-06,29.2
2019-08-29 22:00:00,603.3844,3.205247,29.061123,587.63,1.006074e-06,29.1
2019-08-29 23:00:00,613.54083,-3.1230307,28.92014,598.65,1.006074e-06,29.0
2019-08-30 00:00:00,600.6964,-2.4233694,28.777285,593.18,1.006074e-06,28.8
2019-08-30 01:00:00,565.09686,0.74913126,28.648455,571.57,1.006074e-06,28.6
2019-08-30 02:00:00,533.4371,1.807786,28.427683,515.51,1.006074e-06,28.5
2019-08-30 03:00:00,485.18283,2.0001383,28.40797,481.54,1.006074e-06,28.6
2019-08-30 04:00:00,458.56464,6.7956247,28.59743,460.22,1.006074e-06,28.5
2019-08-30 05:00:00,441.84793,19.480364,28.681648,442.73,1.006074e-06,28.5
2019-08-30 06:00:00,432.9379,70.526054,28.99421,424.34,42.0,28.8
2019-08-30 07:00:00,435.213,164.40965,29.238087,437.61002,10.000001,29.2
2019-08-30 08:00:00,467.9209,202.13469,29.427357,493.69,118.0,29.5
2019-08-30 09:00:00,532.70605,169.17346,29.674906,558.35,59.0,29.6
2019-08-30 10:00:00,568.4518,103.26917,29.905737,583.5,94.0,29.5
2019-08-30 11:00:00,586.36865,133.25366,29.774307,596.8,879.00006,29.5
2019-08-30 12:00:00,642.01666,603.0066,30.09258,569.45,730.0,29.4
2019-08-30 13:00:00,615.3388,585.13837,29.407543,585.14,80.0,29.3
2019-08-30 14:00:00,581.3822,217.93445,29.305937,579.75,61.0,29.3
2019-08-30 15:00:00,564.51666,128.77773,29.157965,561.62,49.0,29.2
2019-08-30 16:00:00,568.7705,112.435936,28.959232,544.13,74.0,29.1
2019-08-30 17:00:00,554.5769,35.455643,28.949026,533.64,14.000001,28.9
2019-08-30 18:00:00,523.81116,-3.0047903,28.587986,502.32,4.000001,28.7
2019-08-30 19:00:00,503.2489,3.9278727,28.642183,468.51,1.006074e-06,28.5
2019-08-30 20:00:00,482.97833,15.109635,28.518438,445.22,1.006074e-06,28.4
2019-08-30 21:00:00,459.4534,10.918168,28.357058,420.01,1.006074e-06,28.3
2019-08-30 22:00:00,442.14124,11.135545,28.240696,424.16,1.006074e-06,28.1
2019-08-30 23:00:00,458.33157,10.855256,27.997616,429.37,1.006074e-06,28.0
2019-08-31 00:00:00,450.97296,2.4683084,27.841448,432.7,1.006074e-06,27.9
2019-08-31 01:00:00,431.2608,8.710923,27.718115,421.94,1.006074e-06,27.9
2019-08-31 02:00:00,416.8816,58.527557,27.746952,414.98,1.006074e-06,27.8
2019-08-31 03:00:00,412.0351,65.65573,27.583225,382.4,1.006074e-06,27.7
2019-08-31 04:00:00,381.8101,7.3712473,27.42152,366.03,1.006074e-06,27.7
2019-08-31 05:00:00,363.03293,52.091827,27.421099,361.79,1.006074e-06,27.8
2019-08-31 06:00:00,358.80374,113.697014,27.661087,358.94,44.0,28.3
2019-08-31 07:00:00,380.41248,147.86247,28.37875,381.28998,242.0,28.7
2019-08-31 08:00:00,429.3539,432.1563,29.036577,392.65,464.0,29.0
2019-08-31 09:00:00,433.36618,553.5231,29.11426,419.39,666.0,29.3
2019-08-31 10:00:00,445.68704,659.6434,29.417154,451.81,824.00006,29.7
2019-08-31 11:00:00,486.54288,867.38275,29.924591,497.63998,926.00006,29.9
2019-08-31 12:00:00,527.2672,877.4922,29.92038,498.72,955.0,30.0
2019-08-31 13:00:00,525.52136,779.75806,30.071045,505.58,913.0,30.0
2019-08-31 14:00:00,530.91656,665.29974,29.978573,516.6,804.00006,30.0
2019-08-31 15:00:00,536.0404,520.0956,29.971268,552.97,637.0,29.8
2019-08-31 16:00:00,543.6208,343.16217,29.580551,522.07,430.0,29.6
2019-08-31 17:00:00,517.30505,171.75343,29.329863,518.95,206.0,29.2
2019-08-31 18:00:00,493.40506,60.767975,28.933777,498.12,21.000002,28.8
2019-08-31 19:00:00,476.21603,-7.45494,28.6216,488.4,1.006074e-06,28.6
2019-08-31 20:00:00,480.41772,-10.392821,28.52659,489.26,1.006074e-06,28.5
2019-08-31 21:00:00,493.24017,4.425355,28.488817,509.61,1.006074e-06,28.4
2019-08-31 22:00:00,515.736,10.334474,28.372963,554.2,1.006074e-06,28.3
2019-08-31 23:00:00,550.3047,6.8630686,28.265123,586.05,1.006074e-06,28.3
